car_id,brand,year,mileage_km,fuel_type,transmission,engine_size,condition,price
1,Honda,2006,249468,diesel,manual,3.06,poor,8250.66
2,Kia,2020,126102,electric,automatic,1.82,good,42166.86
3,Honda,2006,65560,diesel,automatic,2.65,poor,20715.12
4,Toyota,2020,168714,diesel,automatic,2.14,good,48034.98
5,BMW,2010,195083,hybrid,manual,1.4,good,48217.73
6,Honda,2023,30257,electric,automatic,1.25,good,62069.79
7,Honda,2023,130789,petrol,manual,3.23,excellent,65797.63
8,Hyundai,2007,239551,petrol,manual,1.52,good,18859.32
9,Hyundai,2017,105037,electric,manual,4.97,good,42329.29
10,Honda,2011,268560,hybrid,automatic,2.95,excellent,29669.61
11,Toyota,2017,209300,hybrid,automatic,3.26,poor,24635.25
12,Mercedes,2022,118335,hybrid,automatic,2.6,good,64915.61
13,BMW,2013,296614,hybrid,manual,4.19,poor,21895.08
14,Honda,2017,193460,petrol,automatic,3.12,good,37099.84
15,Toyota,2018,154010,petrol,automatic,3.83,fair,35886.79
16,Hyundai,2016,147710,petrol,automatic,4.16,fair,25840.42
17,Toyota,2021,94499,diesel,manual,1.72,fair,42043.9
18,Toyota,2011,116159,electric,automatic,1.7,excellent,47968.52
19,Mercedes,2012,269265,diesel,automatic,4.18,poor,25017.59
20,Honda,2016,211415,electric,manual,4.2,excellent,49856.09
21,Mercedes,2024,276564,hybrid,automatic,4.6,poor,36564.27
22,Hyundai,2007,234480,hybrid,manual,1.67,poor,12817.58
23,Hyundai,2008,291533,petrol,automatic,1.15,fair,12483.88
24,Kia,2018,142088,electric,manual,1.57,poor,18974.19
25,Honda,2019,207906,hybrid,manual,3.48,fair,30089.32
26,Mercedes,2014,52546,electric,manual,1.9,poor,35731.3
27,Honda,2009,165652,hybrid,manual,3.98,fair,30350.31
28,Toyota,2021,241272,diesel,manual,4.81,excellent,47862.33
29,Kia,2005,78886,diesel,manual,3.06,excellent,33361.87
30,Toyota,2014,77428,hybrid,manual,4.83,poor,24234.87
31,Chevrolet,2019,166969,hybrid,automatic,3.65,good,36234.65
32,Toyota,2015,156806,hybrid,manual,2.58,good,43703.16
33,Honda,2016,226607,electric,manual,4.0,excellent,53323.48
34,Honda,2009,257654,petrol,manual,1.91,poor,10582.46
35,BMW,2009,167247,electric,manual,4.79,poor,23816.95
36,Kia,2009,177442,electric,automatic,1.34,poor,12524.6
37,Hyundai,2020,116809,diesel,automatic,4.37,fair,38457.33
38,Mercedes,2024,94005,diesel,manual,4.84,good,75000.0
39,Mercedes,2017,149753,hybrid,manual,4.76,good,61222.8
40,Hyundai,2024,115291,diesel,automatic,1.14,excellent,65063.72
41,Kia,2017,51152,electric,automatic,3.85,poor,26326.12
42,Hyundai,2019,188189,hybrid,manual,3.61,excellent,48922.51
43,Mercedes,2024,262280,petrol,manual,1.07,excellent,66411.3
44,Mercedes,2019,185535,diesel,automatic,3.23,good,50884.13
45,Toyota,2005,18760,electric,manual,3.22,fair,25298.69
46,BMW,2011,114577,hybrid,automatic,3.28,excellent,48442.86
47,BMW,2017,198519,electric,manual,3.1,excellent,55819.95
48,Kia,2005,123179,hybrid,automatic,2.04,good,33986.08
49,Hyundai,2009,75993,diesel,automatic,2.05,excellent,36616.99
50,Kia,2021,260162,petrol,automatic,1.86,good,30496.45
51,Chevrolet,2009,24138,petrol,manual,1.58,fair,21869.93
52,Hyundai,2008,289843,petrol,automatic,2.0,poor,7875.45
53,Chevrolet,2014,125322,petrol,manual,2.0,good,25838.01
54,Honda,2014,151413,diesel,manual,3.76,fair,28164.45
55,Hyundai,2018,63860,petrol,manual,1.57,fair,36954.68
56,Kia,2009,8033,diesel,manual,3.8,excellent,48075.08
57,Chevrolet,2020,234263,hybrid,automatic,1.6,excellent,40594.09
58,Hyundai,2020,221013,petrol,automatic,3.18,poor,24237.16
59,Hyundai,2022,290051,petrol,automatic,2.31,poor,15956.82
60,Hyundai,2009,260376,petrol,manual,3.63,excellent,35548.89
61,Honda,2017,235885,diesel,automatic,1.22,fair,21163.89
62,BMW,2015,182167,electric,automatic,3.84,good,47730.2
63,BMW,2014,108567,hybrid,automatic,3.79,good,62942.3
64,Hyundai,2017,190408,electric,manual,3.37,fair,28419.32
65,Mercedes,2018,176958,hybrid,automatic,2.39,excellent,64768.86
66,Hyundai,2024,143978,diesel,automatic,2.96,excellent,61347.89
67,Honda,2010,79736,electric,automatic,1.55,excellent,59871.15
68,Mercedes,2017,130319,diesel,manual,1.27,excellent,60922.01
69,Honda,2007,155857,hybrid,automatic,2.03,excellent,28962.33
70,Chevrolet,2017,224130,diesel,manual,1.2,fair,18147.64
71,Chevrolet,2012,204598,electric,automatic,3.9,fair,23378.04
72,Chevrolet,2035,14448,diesel,manual,3.55,good,43381.59
73,Kia,2018,33037,diesel,manual,4.9,fair,32180.93
74,Hyundai,2017,41826,electric,manual,2.16,poor,26290.19
75,Hyundai,2023,74349,electric,automatic,2.88,good,52753.39
76,Toyota,2014,266641,electric,manual,2.03,poor,15701.96
77,Kia,2023,193307,petrol,automatic,4.61,fair,38977.76
78,Kia,2012,241894,diesel,automatic,3.05,good,33554.18
79,Hyundai,2005,248176,electric,manual,2.96,good,26304.95
80,Mercedes,1990,500000,hybrid,automatic,1.77,fair,15636.67
81,Hyundai,2020,113076,electric,automatic,2.36,poor,27267.17
82,BMW,2024,61452,diesel,manual,4.56,poor,40810.39
83,Mercedes,2009,84254,diesel,automatic,4.63,poor,33069.44
84,Mercedes,2024,60578,hybrid,automatic,2.26,good,75000.0
85,Kia,2007,55529,electric,automatic,4.91,good,37678.2
86,BMW,2021,213756,electric,automatic,1.03,excellent,75000.0
87,Hyundai,2008,26130,diesel,automatic,2.08,excellent,39158.42
88,Toyota,2019,56581,electric,manual,2.83,poor,30990.59
89,Toyota,2015,179259,petrol,automatic,4.77,good,50812.7
90,Kia,2014,249427,petrol,manual,2.28,good,28121.69
91,Mercedes,2014,108419,petrol,manual,2.87,excellent,49560.0
92,Mercedes,2016,104715,petrol,manual,3.88,poor,31813.75
93,Mercedes,2019,66687,petrol,automatic,1.91,fair,50170.33
94,Honda,2022,49128,hybrid,automatic,1.48,poor,36439.76
95,BMW,2010,150395,electric,automatic,2.65,good,50867.48
96,Kia,2006,269861,electric,automatic,1.03,poor,8866.34
97,Honda,2006,101143,hybrid,automatic,4.22,excellent,49186.99
98,Chevrolet,2006,283866,diesel,manual,3.51,poor,7149.19
99,Honda,2011,146611,petrol,manual,2.95,fair,32660.05
100,Honda,2024,167824,hybrid,manual,2.93,poor,26341.54
101,Toyota,2018,239049,diesel,automatic,2.18,poor,19402.91
102,Chevrolet,2023,15086,hybrid,manual,1.69,excellent,57871.83
103,Honda,2021,253387,petrol,manual,5.0,poor,24132.88
104,Hyundai,2012,12849,hybrid,manual,2.54,excellent,50777.55
105,Toyota,2011,56293,petrol,manual,4.57,poor,21373.2
106,Mercedes,2010,207518,hybrid,manual,4.16,poor,30033.51
107,Chevrolet,2017,299516,hybrid,manual,3.69,poor,18409.32
108,Mercedes,2005,97577,diesel,manual,2.39,good,31743.31
109,Toyota,2023,138695,hybrid,manual,4.34,fair,43707.63
110,Mercedes,2035,138706,hybrid,automatic,1.61,good,72575.67
111,Kia,2015,168862,hybrid,manual,1.93,good,31595.74
112,BMW,2005,56629,electric,manual,4.88,poor,21944.03
113,Kia,2020,25307,hybrid,manual,4.67,poor,31789.92
114,Honda,2016,183514,hybrid,automatic,3.71,good,40052.74
115,Hyundai,2016,79154,hybrid,automatic,3.57,excellent,46028.54
116,Kia,2006,61312,petrol,manual,3.29,fair,17431.32
117,Toyota,2012,64263,petrol,automatic,1.91,poor,18568.97
118,Hyundai,2016,120602,diesel,automatic,3.82,excellent,53500.46
119,Chevrolet,2024,22893,electric,manual,2.95,excellent,58936.33
120,Toyota,2011,255647,diesel,manual,4.73,poor,17907.32
121,Kia,2022,84818,hybrid,manual,4.69,fair,45560.62
122,Mercedes,2015,76435,electric,manual,2.02,excellent,75000.0
123,Chevrolet,2017,292425,diesel,manual,4.41,good,30785.84
124,Toyota,2013,117427,petrol,manual,1.81,excellent,35465.63
125,Hyundai,2017,263114,petrol,manual,2.5,fair,19978.53
126,Hyundai,2005,166966,electric,manual,1.88,fair,19976.11
127,Hyundai,2010,121560,electric,manual,1.91,excellent,34419.78
128,Mercedes,2022,100540,electric,manual,3.47,poor,44811.33
129,Hyundai,2015,42300,diesel,automatic,3.32,fair,37799.83
130,Kia,2020,155021,hybrid,manual,1.64,excellent,42627.78
131,Honda,2022,198803,petrol,automatic,2.37,excellent,45925.46
132,BMW,2017,25105,hybrid,automatic,1.66,good,75000.0
133,Kia,2014,60467,electric,manual,1.34,good,42712.5
134,Honda,2019,92192,diesel,manual,1.82,excellent,50486.41
135,Chevrolet,2011,163188,hybrid,manual,2.57,good,27649.79
136,BMW,2007,200434,hybrid,automatic,4.06,fair,34700.21
137,Toyota,2010,236552,hybrid,automatic,4.08,fair,27267.19
138,Toyota,2021,29139,hybrid,automatic,3.98,excellent,75000.0
139,Honda,2023,103977,petrol,automatic,2.33,fair,38822.6
140,Kia,2011,28229,petrol,automatic,2.86,fair,24957.71
141,BMW,2005,194401,petrol,manual,2.17,poor,20827.35
142,Hyundai,2022,84867,hybrid,manual,3.22,fair,40437.05
143,Mercedes,2017,208000,electric,automatic,2.17,excellent,67631.81
144,BMW,2020,286539,electric,automatic,2.81,fair,39490.52
145,Hyundai,2009,152415,electric,manual,2.21,poor,13990.02
146,Hyundai,2007,196579,petrol,automatic,4.49,fair,22900.48
147,Toyota,2020,65615,electric,automatic,3.31,fair,58478.06
148,Chevrolet,2021,96899,electric,automatic,1.46,fair,35277.71
149,Mercedes,2005,252894,electric,automatic,2.1,good,15270.71
150,Kia,2010,130523,electric,manual,1.95,fair,30353.79
151,Mercedes,2018,86622,electric,automatic,1.87,fair,47669.23
152,Chevrolet,2016,27487,hybrid,automatic,3.1,fair,40486.24
153,Honda,2012,76303,petrol,manual,4.92,poor,28153.51
154,Mercedes,2005,187297,petrol,automatic,4.86,good,36966.93
155,Hyundai,2015,60893,diesel,manual,3.69,good,49509.97
156,Mercedes,2022,173339,petrol,manual,4.25,excellent,71194.01
157,Honda,2005,268513,diesel,automatic,4.66,fair,20428.14
158,Chevrolet,2008,136314,hybrid,manual,3.19,fair,17070.21
159,Hyundai,2024,244990,electric,manual,1.71,poor,24612.35
160,Toyota,2020,170912,petrol,manual,4.5,fair,31096.61
161,Hyundai,2014,81539,petrol,automatic,3.94,excellent,40014.55
162,Mercedes,2019,242062,electric,manual,2.29,poor,25242.52
163,Chevrolet,2007,67400,hybrid,automatic,3.47,excellent,47766.54
164,Honda,2007,260118,diesel,automatic,3.39,poor,14907.61
165,Hyundai,2022,84714,diesel,automatic,2.41,fair,38734.38
166,Honda,2019,172232,diesel,manual,4.94,poor,20531.86
167,BMW,2016,91085,petrol,manual,3.47,poor,27286.46
168,BMW,2017,106686,hybrid,automatic,1.76,excellent,75000.0
169,Honda,2017,180066,hybrid,automatic,1.66,good,50285.86
170,Honda,2020,500000,petrol,automatic,2.26,poor,22008.25
171,Kia,2021,208464,petrol,manual,3.56,excellent,43846.41
172,Mercedes,2007,176877,electric,manual,3.77,fair,23319.19
173,Mercedes,2024,173746,hybrid,automatic,2.17,excellent,75000.0
174,BMW,2015,31427,diesel,automatic,4.72,excellent,67350.32
175,Toyota,2013,247826,hybrid,manual,3.44,poor,23069.0
176,Honda,2017,196268,petrol,manual,2.76,poor,17911.87
177,Hyundai,2023,22106,hybrid,manual,4.04,excellent,65320.17
178,Honda,2006,194312,hybrid,manual,4.17,excellent,41664.99
179,BMW,2008,50643,petrol,manual,4.19,poor,27517.23
180,BMW,2007,157552,petrol,manual,3.19,fair,33926.68
181,BMW,2006,76942,petrol,manual,4.2,fair,30948.57
182,Honda,2024,178773,diesel,manual,4.86,fair,44909.92
183,Chevrolet,2011,262089,hybrid,manual,3.87,good,21556.06
184,Honda,2011,72321,electric,automatic,4.23,excellent,71149.57
185,BMW,2020,114161,electric,automatic,4.61,fair,65588.87
186,Toyota,2021,115816,petrol,automatic,4.48,excellent,68504.31
187,Kia,2018,56113,diesel,manual,1.83,fair,26671.91
188,Honda,2020,137644,petrol,manual,4.47,excellent,66728.84
189,Chevrolet,2006,133264,hybrid,automatic,1.2,poor,15482.73
190,Honda,2009,238627,electric,automatic,1.08,poor,9866.58
191,Honda,2016,162811,hybrid,manual,3.55,poor,24546.59
192,Toyota,2013,201923,petrol,manual,1.93,excellent,40553.22
193,Kia,2006,158186,electric,automatic,3.35,good,32388.72
194,Toyota,2006,250068,diesel,automatic,1.75,fair,13396.37
195,BMW,2016,152874,diesel,automatic,4.17,fair,48920.66
196,Toyota,2015,80322,petrol,automatic,3.73,poor,28729.66
197,BMW,2013,282583,electric,automatic,1.95,fair,37230.04
198,Hyundai,2017,268640,hybrid,automatic,2.63,good,26990.72
199,Chevrolet,2017,186361,petrol,manual,3.86,good,34410.77
200,Mercedes,2020,9763,petrol,automatic,4.16,fair,54206.33
201,Hyundai,2024,114029,petrol,automatic,4.46,fair,35474.87
202,Mercedes,2020,234275,petrol,automatic,3.77,poor,29905.66
203,Kia,2015,58195,diesel,manual,3.67,excellent,56227.16
204,Kia,2014,213294,petrol,manual,4.69,good,26017.09
205,BMW,2006,119363,electric,manual,4.25,fair,38218.97
206,Kia,2010,184026,electric,manual,4.57,poor,18946.2
207,Hyundai,2012,210369,diesel,automatic,1.24,good,26706.02
208,Kia,2010,178401,electric,automatic,4.02,excellent,48550.41
209,BMW,2014,55223,hybrid,automatic,2.24,poor,31910.86
210,BMW,2021,142527,petrol,automatic,1.33,good,67859.85
211,Hyundai,2006,86217,hybrid,manual,3.39,fair,20505.21
212,Kia,2024,162782,hybrid,manual,2.83,excellent,46493.0
213,Chevrolet,2005,15775,diesel,manual,2.4,fair,23125.49
214,Chevrolet,2012,150866,diesel,manual,3.63,good,27570.85
215,Chevrolet,2019,147268,hybrid,manual,1.55,poor,19494.65
216,Hyundai,2024,22625,electric,automatic,2.02,fair,42713.09
217,BMW,2012,136541,petrol,automatic,3.78,good,49661.23
218,BMW,2018,243521,petrol,manual,4.38,fair,29590.52
219,Toyota,2019,280476,petrol,automatic,4.68,fair,29545.07
220,BMW,2023,244098,hybrid,automatic,2.09,fair,47171.0
221,Mercedes,2006,86278,diesel,automatic,4.84,good,55548.84
222,BMW,2012,98309,petrol,automatic,4.55,good,55136.45
223,Honda,2024,228409,diesel,manual,3.55,good,44121.22
224,Chevrolet,2019,45508,diesel,automatic,4.91,poor,24302.97
225,Kia,2008,255915,petrol,automatic,4.95,excellent,20144.46
226,Kia,2020,201875,hybrid,manual,1.95,fair,34194.85
227,Mercedes,2007,38451,diesel,automatic,3.01,poor,24361.1
228,Toyota,2009,190256,hybrid,manual,4.06,good,43320.97
229,Mercedes,2010,19517,hybrid,automatic,4.11,good,70738.25
230,Honda,2006,89509,electric,manual,2.26,fair,28508.1
231,BMW,2005,147395,petrol,automatic,2.26,poor,13777.98
232,Hyundai,2020,230411,hybrid,manual,4.92,excellent,48438.06
233,Mercedes,2023,227047,electric,manual,3.08,poor,36541.88
234,Mercedes,2022,221930,hybrid,manual,4.44,excellent,63537.84
235,Hyundai,2007,269676,hybrid,automatic,2.67,fair,17676.44
236,Toyota,2007,268120,electric,automatic,2.27,fair,12775.13
237,Chevrolet,2008,293228,electric,automatic,2.35,fair,19353.94
238,Kia,2011,79191,electric,automatic,3.82,fair,25581.29
239,Mercedes,2014,48239,petrol,automatic,4.93,excellent,75000.0
240,BMW,2005,272185,diesel,automatic,2.41,excellent,19327.15
241,Honda,2024,203679,petrol,manual,3.15,fair,38748.14
242,Honda,2021,146699,electric,manual,4.24,excellent,71214.03
243,Toyota,2008,284063,hybrid,automatic,2.83,good,21498.01
244,Toyota,2024,102784,petrol,manual,3.5,poor,32887.31
245,Chevrolet,2024,0,diesel,automatic,1.86,fair,38124.34
246,Toyota,2022,177290,electric,automatic,1.18,excellent,75000.0
247,Hyundai,2009,197385,petrol,manual,2.63,poor,14264.85
248,Hyundai,2018,107727,diesel,manual,4.8,fair,29176.37
249,Toyota,2013,240830,electric,manual,1.32,fair,25707.93
250,Chevrolet,2005,94012,diesel,manual,2.15,fair,13754.93
251,Toyota,2023,67321,diesel,manual,3.14,poor,27827.03
252,Hyundai,2012,212924,electric,manual,2.02,poor,14230.61
253,Kia,2015,185124,petrol,manual,2.13,good,34613.51
254,Chevrolet,2020,109443,hybrid,automatic,1.33,poor,19790.08
255,BMW,2021,208725,electric,automatic,2.61,good,51404.18
256,Mercedes,2007,110270,hybrid,automatic,2.26,good,33169.06
257,Hyundai,2013,20533,petrol,automatic,3.61,poor,22779.14
258,Chevrolet,2006,260065,petrol,manual,1.9,fair,9720.69
259,Kia,2009,190799,diesel,manual,2.63,excellent,23022.72
260,Honda,2019,82511,diesel,automatic,1.85,good,43518.8
261,BMW,2020,258047,electric,manual,3.67,poor,25933.26
262,Toyota,2009,249815,hybrid,automatic,1.36,poor,17047.58
263,Hyundai,2024,261850,electric,manual,3.56,excellent,59855.45
264,Mercedes,2010,294146,diesel,manual,3.13,excellent,28963.65
265,Kia,2009,166992,electric,automatic,1.34,poor,15816.2
266,Kia,2016,153861,hybrid,automatic,2.79,good,33127.41
267,Hyundai,2020,183919,diesel,manual,3.82,excellent,40962.87
268,Kia,2019,125780,petrol,manual,4.53,good,40796.56
269,Honda,2006,193538,diesel,manual,3.73,good,22284.43
270,Toyota,2007,142927,petrol,manual,4.35,excellent,45396.45
271,Honda,2012,178585,hybrid,manual,3.25,good,30947.34
272,Toyota,2019,79010,diesel,automatic,2.04,poor,31839.11
273,Hyundai,2019,174102,diesel,manual,2.0,good,32268.39
274,Mercedes,2024,215786,electric,automatic,1.3,excellent,72457.78
275,Mercedes,2030,276038,hybrid,automatic,4.35,poor,31186.69
276,Hyundai,2016,31135,petrol,automatic,3.82,excellent,64616.82
277,Hyundai,2020,53633,hybrid,automatic,1.76,poor,27353.78
278,BMW,2018,28433,diesel,automatic,4.66,excellent,75000.0
279,Toyota,2017,112879,petrol,manual,3.3,good,54788.04
280,BMW,2015,17061,diesel,automatic,3.61,good,66153.73
281,Mercedes,2011,183237,diesel,automatic,1.15,poor,16657.94
282,Kia,2023,208522,electric,manual,2.44,poor,25083.55
283,Kia,2019,5852,petrol,automatic,3.68,excellent,52779.02
284,Mercedes,2018,297608,petrol,manual,4.07,fair,42119.7
285,BMW,2024,31521,petrol,automatic,1.32,poor,41696.22
286,Hyundai,2018,189627,electric,automatic,3.95,excellent,52769.55
287,Hyundai,2012,147676,petrol,manual,3.09,excellent,35401.22
288,Hyundai,2012,60708,electric,automatic,3.67,fair,42427.4
289,Honda,2030,169139,petrol,manual,4.81,excellent,61036.87
290,Hyundai,2015,47824,electric,manual,4.97,poor,26026.32
291,Honda,2006,239016,electric,automatic,2.88,excellent,18376.57
292,Honda,2021,245054,diesel,automatic,1.65,good,41934.28
293,Chevrolet,2020,223376,hybrid,manual,3.04,excellent,42430.55
294,Toyota,2023,264040,electric,automatic,1.27,poor,22667.7
295,Chevrolet,2018,288512,electric,automatic,1.22,good,24508.19
296,Toyota,2016,224692,petrol,automatic,3.66,poor,16890.58
297,Mercedes,2016,57417,electric,manual,3.96,good,75000.0
298,BMW,2021,80539,diesel,automatic,2.0,good,72760.39
299,Mercedes,2010,276125,diesel,manual,3.8,poor,17372.79
300,Kia,2005,129573,diesel,manual,3.18,poor,10217.08
301,Toyota,2015,248640,diesel,automatic,1.93,fair,23038.81
302,Chevrolet,2010,213557,petrol,manual,4.28,excellent,28330.97
303,BMW,2014,211519,electric,automatic,3.94,fair,49247.85
304,Chevrolet,2017,291193,diesel,automatic,2.47,poor,16509.09
305,Chevrolet,2015,51038,diesel,automatic,2.82,good,33774.16
306,Honda,2022,286128,diesel,automatic,1.4,fair,22338.27
307,Kia,2008,279825,electric,automatic,4.57,excellent,28341.12
308,Chevrolet,2017,55251,petrol,automatic,2.22,poor,24866.88
309,Honda,2007,66431,electric,automatic,4.0,good,50614.07
310,Honda,2023,51322,petrol,automatic,3.64,fair,47723.71
311,Kia,2014,196103,hybrid,manual,2.36,fair,25756.42
312,BMW,2015,229918,diesel,automatic,2.27,good,40488.89
313,Kia,2005,149133,petrol,manual,3.0,poor,11109.03
314,Chevrolet,2017,101975,electric,automatic,2.53,fair,35091.19
315,Honda,2010,290902,diesel,automatic,3.16,excellent,33395.26
316,Chevrolet,2005,170499,hybrid,automatic,1.32,excellent,31415.48
317,BMW,2035,258717,diesel,automatic,4.45,good,63515.14
318,Chevrolet,2007,258016,hybrid,manual,3.92,good,22543.74
319,Toyota,2022,103555,diesel,automatic,2.56,poor,35198.69
320,Mercedes,2022,18855,petrol,automatic,4.68,poor,51666.2
321,Chevrolet,2022,77423,hybrid,automatic,1.63,fair,34399.23
322,Kia,2009,253448,hybrid,automatic,4.15,fair,14520.39
323,Kia,2012,232269,hybrid,automatic,3.68,poor,19502.99
324,Mercedes,2022,600000,hybrid,manual,4.63,fair,38220.8
325,Kia,2018,266739,electric,automatic,2.98,poor,20092.75
326,Hyundai,2024,120770,hybrid,manual,3.76,good,58494.28
327,Chevrolet,2022,230348,hybrid,manual,1.17,excellent,40143.72
328,Hyundai,2018,270809,petrol,manual,3.77,fair,24256.47
329,Mercedes,2023,159953,diesel,automatic,4.44,good,67339.54
330,Hyundai,2024,192260,diesel,automatic,2.13,excellent,54352.17
331,Honda,2012,251282,diesel,automatic,1.88,fair,16339.26
332,Hyundai,2023,141103,diesel,manual,3.49,poor,25904.7
333,Toyota,2008,283242,hybrid,automatic,2.86,excellent,17840.36
334,Mercedes,2014,34498,electric,automatic,1.31,excellent,75000.0
335,Honda,2005,125470,diesel,automatic,4.4,good,27090.08
336,BMW,2022,193584,petrol,manual,2.52,fair,37245.63
337,Honda,2005,99967,hybrid,manual,4.37,good,42440.51
338,Honda,2020,30904,petrol,manual,2.32,poor,31311.78
339,Toyota,2021,100781,diesel,automatic,3.26,poor,31022.74
340,BMW,2009,253370,hybrid,manual,4.31,good,35365.31
341,Toyota,2024,179022,electric,manual,2.96,poor,27156.07
342,BMW,2013,83107,electric,automatic,3.05,fair,43972.23
343,Kia,2005,22394,petrol,automatic,1.79,poor,14946.24
344,Toyota,2019,139217,electric,manual,3.42,poor,31179.4
345,Toyota,2014,54041,hybrid,manual,4.89,excellent,73882.24
346,Hyundai,2018,207987,petrol,automatic,3.61,poor,23031.79
347,Chevrolet,2007,39012,diesel,automatic,3.24,good,28703.19
348,BMW,2021,299979,petrol,manual,1.98,fair,31387.46
349,Mercedes,2006,124044,electric,manual,2.49,poor,28314.53
350,Kia,2016,238569,petrol,automatic,1.38,good,28004.66
351,Toyota,2018,130322,hybrid,manual,3.39,good,51423.31
352,Honda,2015,22350,electric,manual,1.27,fair,41761.61
353,Toyota,2009,148317,hybrid,automatic,2.91,excellent,45174.13
354,Chevrolet,2023,12630,diesel,automatic,3.07,fair,36282.78
355,Toyota,2017,53337,hybrid,automatic,1.46,poor,33246.85
356,Honda,2009,42046,petrol,manual,4.86,good,48314.36
357,Honda,2011,152106,petrol,automatic,2.83,fair,20243.91
358,BMW,2008,87877,petrol,automatic,2.58,poor,28486.04
359,Chevrolet,2012,196975,diesel,manual,2.0,good,22716.91
360,BMW,2016,278910,petrol,manual,2.3,fair,29178.44
361,BMW,2009,67181,hybrid,manual,4.91,poor,30104.44
362,Hyundai,2015,194767,diesel,manual,3.08,excellent,38323.04
363,Mercedes,2024,210732,electric,manual,3.15,excellent,75000.0
364,Toyota,2016,73766,diesel,manual,1.17,good,51699.94
365,Honda,2008,288205,petrol,automatic,2.05,good,19283.79
366,Honda,2013,108218,electric,automatic,1.34,poor,19550.04
367,Hyundai,2013,194145,hybrid,automatic,4.63,fair,23362.36
368,Kia,2017,98093,hybrid,manual,4.08,good,50385.48
369,BMW,2022,232224,electric,automatic,2.71,poor,38397.67
370,Kia,2018,247282,diesel,automatic,1.87,good,25892.14
371,BMW,2015,222734,petrol,automatic,3.65,poor,24563.23
372,BMW,2017,164213,petrol,manual,2.2,fair,34738.88
373,Kia,2015,8375,petrol,automatic,2.95,fair,36596.66
374,Hyundai,2005,295994,diesel,automatic,1.48,good,6224.82
375,Hyundai,2009,166812,petrol,manual,1.5,good,21994.21
376,Kia,2021,29320,hybrid,automatic,4.22,good,53036.71
377,Mercedes,2020,66466,diesel,manual,1.33,fair,50229.04
378,Honda,2005,15553,electric,automatic,3.55,poor,27842.51
379,BMW,2018,77469,diesel,automatic,4.4,fair,50647.73
380,Honda,2009,99728,hybrid,automatic,1.46,fair,20923.33
381,Chevrolet,2022,277832,hybrid,manual,1.95,excellent,30241.48
382,Honda,2013,267885,hybrid,manual,4.01,fair,20832.97
383,Hyundai,2007,54549,diesel,manual,3.13,excellent,38116.74
384,Honda,2016,122993,hybrid,automatic,4.16,good,48043.04
385,Chevrolet,2009,32107,petrol,automatic,2.45,fair,19945.76
386,Honda,2009,209346,diesel,manual,1.31,fair,14609.14
387,Honda,2006,132021,electric,manual,1.82,excellent,35149.12
388,Toyota,2019,206829,hybrid,manual,2.87,good,41670.43
389,BMW,2035,53549,hybrid,automatic,4.18,poor,49815.58
390,Mercedes,2021,99876,hybrid,automatic,2.28,good,75000.0
391,Mercedes,2011,121902,electric,manual,3.92,poor,37454.83
392,Kia,2018,189768,petrol,automatic,3.35,fair,33006.63
393,BMW,2006,188484,petrol,manual,2.18,fair,18379.67
394,Honda,2022,288738,hybrid,automatic,4.96,fair,39384.02
395,Chevrolet,2023,249814,hybrid,automatic,4.2,good,33336.57
396,Chevrolet,2019,275322,electric,automatic,3.99,poor,21653.92
397,BMW,2013,6695,hybrid,automatic,2.9,fair,45101.21
398,Mercedes,2006,23926,hybrid,automatic,1.96,poor,31702.68
399,Mercedes,2018,29264,electric,automatic,2.77,good,68511.41
400,Toyota,2006,7894,petrol,automatic,1.77,excellent,35881.63
401,Kia,2011,242958,diesel,manual,2.13,excellent,32498.54
402,Hyundai,2022,42622,diesel,automatic,1.45,good,55449.26
403,Mercedes,2015,139312,petrol,automatic,2.86,fair,33551.67
404,BMW,2023,116395,petrol,automatic,4.21,good,65839.76
405,Mercedes,2010,140806,electric,manual,2.52,excellent,72127.86
406,Toyota,2024,48189,electric,automatic,3.16,fair,58738.35
407,Chevrolet,2009,41994,hybrid,automatic,4.22,excellent,39167.67
408,Toyota,2022,139023,diesel,manual,3.66,good,47172.43
409,Honda,2005,240649,hybrid,automatic,3.2,poor,8793.08
410,BMW,2005,271353,electric,automatic,2.56,fair,11632.68
411,BMW,2020,164279,hybrid,automatic,2.05,fair,55717.37
412,Kia,2010,248278,electric,manual,2.67,poor,9093.38
413,BMW,2018,85161,hybrid,automatic,2.71,excellent,65539.04
414,Hyundai,2018,9047,hybrid,automatic,2.76,good,46814.92
415,Mercedes,2020,169564,hybrid,manual,2.03,good,68241.39
416,Chevrolet,2023,184207,hybrid,automatic,2.02,fair,31964.27
417,Mercedes,2013,8440,hybrid,manual,2.17,excellent,75000.0
418,Honda,2015,42528,diesel,automatic,1.55,poor,25301.03
419,BMW,2011,226191,petrol,manual,4.14,fair,29758.25
420,Kia,2014,127644,electric,manual,1.34,fair,27514.58
421,BMW,2014,237983,petrol,automatic,1.8,good,48090.54
422,Chevrolet,2014,298686,diesel,automatic,3.23,fair,15109.3
423,Honda,2010,56107,diesel,manual,3.3,fair,31554.85
424,Toyota,2010,183355,hybrid,manual,3.44,fair,20326.09
425,BMW,2010,194748,hybrid,automatic,1.77,excellent,43100.97
426,Hyundai,2014,252400,diesel,manual,4.59,poor,18045.83
427,Chevrolet,2012,90986,petrol,automatic,1.98,good,31518.66
428,Mercedes,2017,182669,hybrid,automatic,4.97,fair,45112.03
429,BMW,2024,297319,electric,manual,3.27,excellent,56336.36
430,Hyundai,2021,146939,diesel,automatic,2.4,excellent,58341.19
431,Kia,2007,253641,hybrid,manual,4.54,good,27014.56
432,Honda,2007,85250,electric,automatic,2.44,fair,25979.51
433,Toyota,2022,164012,hybrid,automatic,2.9,fair,44326.92
434,BMW,2020,98430,electric,manual,1.54,fair,57432.35
435,Honda,2009,209974,petrol,manual,2.88,good,20493.81
436,Kia,2012,280328,diesel,manual,2.42,fair,21921.15
437,BMW,2010,164244,electric,manual,4.26,excellent,47585.55
438,Toyota,2013,29713,petrol,automatic,1.29,good,50614.08
439,Honda,2006,59186,diesel,automatic,4.53,excellent,47282.78
440,Chevrolet,2010,43016,electric,manual,2.71,good,32220.11
441,BMW,2006,176348,electric,automatic,2.95,good,34195.77
442,Honda,2024,293504,hybrid,automatic,3.82,poor,23489.88
443,Honda,2008,203762,petrol,manual,2.3,excellent,32721.16
444,BMW,2010,219144,electric,automatic,3.13,excellent,60701.15
445,BMW,2021,132830,hybrid,automatic,2.3,good,59150.08
446,Toyota,2018,117830,hybrid,manual,4.95,poor,28099.92
447,Hyundai,2009,42328,hybrid,automatic,2.33,good,45833.33
448,BMW,2016,217861,hybrid,manual,3.96,poor,22683.39
449,Toyota,2021,77131,diesel,automatic,1.74,fair,39310.73
450,Mercedes,2014,171852,diesel,automatic,1.87,good,43979.48
451,BMW,2011,500000,petrol,automatic,2.6,excellent,36501.4
452,Kia,2019,88199,diesel,automatic,3.07,good,49132.57
453,Kia,2005,30375,diesel,automatic,1.57,good,24923.86
454,Hyundai,2015,281899,diesel,automatic,4.81,fair,26479.06
455,Kia,2008,45836,hybrid,manual,1.74,excellent,38345.05
456,Toyota,2015,156328,hybrid,automatic,4.72,excellent,62595.54
457,Chevrolet,2018,277516,electric,manual,1.64,fair,18898.91
458,Toyota,2007,31389,hybrid,manual,1.98,fair,33324.96
459,Mercedes,2012,247517,electric,automatic,4.63,poor,34142.23
460,Hyundai,2020,24543,hybrid,automatic,1.76,poor,30291.44
461,Hyundai,2007,84768,petrol,automatic,4.94,good,40633.05
462,Hyundai,2022,281090,hybrid,automatic,4.37,poor,25176.82
463,Kia,2022,219012,diesel,automatic,4.22,excellent,54941.87
464,Hyundai,2022,293658,hybrid,automatic,4.99,fair,33591.32
465,Chevrolet,2011,239729,petrol,automatic,3.16,fair,22817.91
466,Honda,2020,268915,diesel,automatic,3.02,fair,36390.86
467,Toyota,2012,49905,hybrid,automatic,3.32,fair,34191.48
468,Hyundai,2024,157900,petrol,automatic,2.78,fair,31297.36
469,Chevrolet,2016,286127,electric,manual,2.66,excellent,39048.72
470,Kia,2015,245587,diesel,automatic,3.19,poor,12582.65
471,Chevrolet,2014,231849,diesel,manual,1.19,poor,12762.97
472,Kia,2021,274069,diesel,automatic,2.63,poor,18368.67
473,Chevrolet,2020,9895,electric,manual,4.0,poor,26311.24
474,Mercedes,2021,0,electric,automatic,3.37,poor,46411.19
475,Hyundai,2016,232283,petrol,manual,3.23,good,37389.52
476,Chevrolet,2017,97122,diesel,manual,1.37,good,28306.46
477,BMW,2024,212041,diesel,automatic,2.4,fair,51724.11
478,Honda,2015,126835,electric,manual,1.66,excellent,59617.23
479,Honda,2006,197145,diesel,manual,3.81,poor,12181.23
480,BMW,2008,185877,hybrid,manual,2.97,fair,20075.92
481,Kia,2019,74688,petrol,automatic,4.6,poor,28819.38
482,Mercedes,2015,174251,hybrid,manual,1.16,good,52081.34
483,Hyundai,2009,42510,petrol,automatic,1.53,good,40788.23
484,Honda,2007,24958,diesel,automatic,3.0,good,34810.11
485,BMW,2006,34476,electric,automatic,3.96,excellent,75000.0
486,Toyota,2009,11214,hybrid,manual,1.67,good,49380.2
487,Honda,2018,212224,petrol,automatic,3.8,poor,18941.15
488,Kia,2015,203302,electric,manual,3.41,poor,15754.71
489,Mercedes,2006,131068,petrol,manual,3.15,good,47105.76
490,Kia,2011,91877,electric,automatic,2.45,poor,23316.63
491,Mercedes,2020,268765,electric,manual,3.42,good,45077.98
492,Chevrolet,2023,122959,electric,automatic,2.29,poor,24839.36
493,BMW,2009,186881,diesel,automatic,3.53,excellent,40307.1
494,Mercedes,2007,65098,electric,manual,4.12,fair,33047.68
495,Honda,2013,215502,diesel,manual,3.95,good,25935.15
496,BMW,2005,253384,petrol,automatic,1.56,poor,14934.14
497,Kia,2035,35490,petrol,manual,3.84,excellent,61695.63
498,Chevrolet,2008,207321,hybrid,manual,4.22,excellent,31688.39
499,Mercedes,2022,133386,electric,automatic,1.59,fair,60161.78
500,BMW,2024,192342,petrol,manual,1.78,excellent,75000.0
501,Honda,2023,64020,hybrid,automatic,2.91,fair,53313.2
502,Chevrolet,2020,285009,diesel,manual,1.28,fair,23106.6
503,Mercedes,2012,167635,hybrid,automatic,4.67,good,52855.25
504,BMW,2020,68251,diesel,manual,2.39,excellent,71885.62
505,BMW,2015,94921,petrol,automatic,3.74,excellent,75000.0
506,Mercedes,2015,62946,electric,manual,1.58,excellent,75000.0
507,Hyundai,2008,278200,petrol,automatic,1.94,good,20677.48
508,BMW,2014,219412,electric,manual,4.3,good,60729.85
509,BMW,2014,234959,diesel,automatic,4.92,poor,23798.17
510,Toyota,2024,278519,petrol,automatic,1.36,poor,22144.71
511,Chevrolet,2019,38326,diesel,manual,4.17,poor,23380.28
512,Mercedes,2007,108330,petrol,automatic,4.16,fair,33218.92
513,Kia,2016,33172,electric,automatic,3.86,fair,35986.45
514,Hyundai,2009,152516,electric,automatic,3.07,fair,20422.52
515,Toyota,2007,75191,diesel,automatic,2.63,poor,20095.95
516,BMW,2008,224782,diesel,automatic,2.4,excellent,26995.48
517,Honda,2010,106706,diesel,automatic,4.48,good,36421.81
518,BMW,2021,255844,diesel,manual,4.08,good,46913.42
519,BMW,2013,27967,electric,manual,2.72,good,66556.34
520,Hyundai,2019,14790,electric,manual,2.77,good,49942.64
521,Mercedes,2019,170072,petrol,manual,1.55,fair,37133.64
522,Kia,2013,81421,hybrid,automatic,2.54,excellent,56235.14
523,Mercedes,2005,79282,hybrid,manual,3.26,good,51097.96
524,Kia,2021,244253,petrol,automatic,1.13,excellent,45793.46
525,Honda,2017,69698,hybrid,automatic,2.37,excellent,57809.94
526,Chevrolet,2006,299777,diesel,automatic,3.28,fair,13863.9
527,Mercedes,2019,143087,diesel,manual,3.36,good,51155.75
528,Kia,2015,278795,diesel,manual,1.85,excellent,21610.2
529,BMW,2007,203531,hybrid,manual,2.97,fair,32270.58
530,Honda,2014,238033,electric,automatic,4.92,fair,27119.09
531,Kia,2024,105243,diesel,automatic,1.75,fair,31630.24
532,Honda,2024,28791,diesel,automatic,2.21,excellent,74867.16
533,Chevrolet,2007,190047,electric,automatic,3.54,fair,17674.68
534,BMW,2016,42953,electric,manual,3.62,fair,49632.01
535,Mercedes,2010,229871,diesel,manual,4.86,good,37869.3
536,Toyota,2017,175052,hybrid,manual,3.94,fair,34592.41
537,BMW,2013,154676,petrol,manual,2.18,fair,31223.14
538,Mercedes,2018,114295,diesel,automatic,1.56,poor,28732.45
539,Hyundai,2007,217207,electric,manual,2.16,good,17799.25
540,Honda,2023,86653,diesel,automatic,3.49,excellent,66450.23
541,Hyundai,2010,7574,hybrid,manual,3.41,excellent,41436.83
542,Mercedes,2015,48444,hybrid,manual,2.5,excellent,75000.0
543,BMW,2014,24614,electric,automatic,4.01,good,63575.29
544,Mercedes,2015,33221,petrol,automatic,1.79,excellent,66865.97
545,Toyota,2010,140236,electric,manual,1.02,good,42182.03
546,Mercedes,2007,64099,petrol,automatic,1.28,poor,23980.03
547,Hyundai,2022,146120,electric,automatic,3.56,fair,47073.0
548,BMW,2014,160565,diesel,automatic,1.66,excellent,50691.12
549,Mercedes,2005,277044,electric,manual,4.21,fair,29053.49
550,Honda,2030,267400,petrol,manual,2.39,good,48312.41
551,Kia,2010,200517,electric,automatic,1.75,excellent,25059.31
552,Chevrolet,2011,220086,petrol,manual,2.4,fair,12291.54
553,Mercedes,2012,9237,electric,manual,4.67,good,69119.1
554,Honda,2012,175683,diesel,automatic,2.97,excellent,32578.81
555,BMW,2017,222504,petrol,automatic,4.04,good,52019.56
556,Chevrolet,2014,265801,hybrid,manual,3.6,poor,13897.45
557,BMW,2021,221590,electric,manual,2.85,fair,46459.95
558,Hyundai,2017,72056,electric,automatic,1.31,excellent,51022.76
559,Mercedes,2020,116791,diesel,manual,3.7,fair,51855.14
560,BMW,2012,140984,hybrid,automatic,2.52,poor,31829.04
561,Toyota,2006,200687,hybrid,automatic,3.22,good,37638.85
562,Chevrolet,2015,151660,petrol,automatic,1.37,good,35232.7
563,Chevrolet,2016,209074,hybrid,manual,2.7,poor,15246.39
564,Honda,2010,246625,diesel,automatic,2.67,excellent,35080.8
565,Honda,2021,254688,hybrid,automatic,1.55,poor,19566.81
566,Kia,2014,500000,petrol,manual,3.91,excellent,32325.05
567,Toyota,2015,281133,hybrid,automatic,3.77,fair,27029.38
568,Kia,2009,186064,hybrid,automatic,4.49,excellent,31737.73
569,Honda,2007,141511,petrol,manual,4.45,excellent,38077.07
570,Honda,2021,58400,diesel,manual,3.37,poor,33444.69
571,Kia,2015,124234,electric,automatic,3.96,fair,33477.35
572,Toyota,2020,61375,diesel,automatic,3.97,poor,28443.05
573,Mercedes,2011,-500,diesel,manual,3.47,excellent,75000.0
574,Hyundai,2024,90885,electric,manual,1.28,poor,28113.81
575,Toyota,2017,140336,electric,manual,2.83,poor,23078.88
576,Kia,2014,55755,electric,manual,3.38,good,38609.79
577,Kia,2014,222812,diesel,manual,4.11,good,34035.66
578,Kia,2024,42325,electric,automatic,4.13,excellent,74086.73
579,Toyota,2009,139970,petrol,automatic,3.47,poor,24709.92
580,Kia,2005,133041,hybrid,automatic,3.15,good,22379.98
581,Mercedes,2006,244372,hybrid,automatic,3.03,fair,27489.9
582,Mercedes,2017,297714,diesel,automatic,1.9,excellent,51835.53
583,Honda,2019,129028,electric,automatic,1.14,fair,41900.32
584,Hyundai,2008,143772,diesel,automatic,3.92,good,34291.58
585,Mercedes,2007,131599,hybrid,automatic,2.93,poor,20487.42
586,BMW,2018,196427,electric,automatic,1.14,poor,36099.86
587,Kia,2019,266267,hybrid,automatic,3.3,fair,30665.24
588,Honda,2007,113379,electric,automatic,1.94,excellent,52560.07
589,Kia,2015,5756,hybrid,manual,2.41,excellent,57321.47
590,BMW,1990,292243,diesel,manual,1.75,poor,4941.28
591,Chevrolet,2014,259769,electric,manual,3.57,poor,19937.43
592,Kia,2021,215262,diesel,manual,3.13,fair,32336.66
593,BMW,2017,225291,diesel,automatic,1.04,good,35615.51
594,BMW,2007,88464,petrol,manual,1.91,poor,20088.87
595,Honda,2012,200846,hybrid,automatic,3.63,fair,32793.8
596,Chevrolet,2019,124897,diesel,manual,1.26,excellent,48428.88
597,Hyundai,2018,68043,hybrid,manual,1.14,fair,37790.05
598,Toyota,2013,181636,petrol,automatic,4.73,poor,21490.08
599,Kia,2010,124373,hybrid,manual,1.39,good,31200.29
600,Kia,2023,261499,electric,manual,4.3,poor,20561.3
601,BMW,2012,28980,petrol,manual,1.52,excellent,68168.26
602,Chevrolet,2009,95169,electric,automatic,1.74,poor,20749.11
603,BMW,2024,274053,electric,manual,4.78,fair,50797.02
604,Hyundai,2005,107071,diesel,automatic,2.91,good,25128.09
605,Chevrolet,2007,44429,hybrid,automatic,1.87,good,33065.08
606,Mercedes,2011,74477,diesel,manual,2.54,excellent,55153.52
607,Toyota,2009,258662,petrol,manual,3.1,fair,25517.55
608,Honda,2008,219510,diesel,manual,3.99,poor,12438.05
609,Mercedes,2006,48095,hybrid,manual,2.01,fair,36483.67
610,Toyota,2012,195814,hybrid,automatic,1.87,excellent,43916.85
611,Hyundai,2019,270015,diesel,manual,2.43,fair,20199.58
612,Kia,2023,256306,diesel,automatic,3.99,excellent,38248.04
613,BMW,2019,40802,petrol,manual,4.22,good,59040.67
614,Honda,2013,259269,electric,manual,4.68,poor,21765.02
615,Kia,2014,9949,hybrid,manual,3.99,excellent,60865.13
616,Hyundai,2008,6085,petrol,manual,2.22,good,38823.86
617,Honda,2019,56493,petrol,automatic,2.98,excellent,60888.02
618,Toyota,2016,241746,petrol,automatic,4.41,excellent,38171.63
619,Chevrolet,2013,145759,diesel,manual,4.95,fair,21095.06
620,Toyota,2011,76106,hybrid,automatic,2.72,fair,35898.47
621,Kia,2018,22807,hybrid,automatic,4.05,excellent,55924.98
622,Chevrolet,2013,136719,petrol,manual,2.43,poor,14781.94
623,Toyota,2012,108340,petrol,manual,1.53,good,35879.43
624,Kia,2024,43652,hybrid,automatic,4.1,fair,50859.08
625,Kia,2020,163673,electric,automatic,3.56,good,48916.59
626,Hyundai,2020,290015,petrol,manual,2.44,fair,22635.32
627,Kia,2012,99075,hybrid,automatic,3.87,poor,19250.17
628,Honda,2017,17714,petrol,automatic,3.25,good,44961.81
629,Kia,2015,9187,electric,manual,3.76,poor,24913.37
630,Kia,2023,127898,petrol,automatic,1.4,excellent,56568.54
631,Hyundai,2018,6631,hybrid,automatic,1.98,poor,29188.32
632,Chevrolet,2008,270987,electric,manual,2.54,excellent,19869.82
633,Kia,2023,9170,hybrid,automatic,3.36,fair,48105.53
634,Honda,2014,292056,hybrid,automatic,2.93,poor,16562.07
635,Mercedes,2010,274989,diesel,automatic,2.73,good,26270.57
636,Kia,2011,209629,diesel,automatic,4.62,poor,19824.81
637,Honda,2013,26211,petrol,automatic,1.4,fair,37112.66
638,BMW,2024,29738,hybrid,automatic,4.19,poor,52385.11
639,Kia,2008,21654,diesel,manual,4.26,excellent,37560.65
640,Mercedes,2016,222598,diesel,automatic,2.88,good,39981.72
641,Toyota,2021,81930,hybrid,automatic,2.43,good,62522.43
642,Chevrolet,2008,170053,hybrid,automatic,2.46,poor,14211.9
643,Honda,2023,45240,electric,automatic,3.92,good,75000.0
644,Honda,2006,248486,hybrid,manual,4.61,fair,14248.77
645,BMW,2019,199975,diesel,automatic,3.37,poor,27744.77
646,BMW,2011,15821,electric,automatic,3.83,poor,40639.25
647,Honda,2016,226313,petrol,automatic,2.19,good,39760.71
648,Kia,2020,160720,petrol,automatic,2.13,excellent,48006.68
649,Hyundai,2014,213697,diesel,manual,3.85,good,38052.99
650,Chevrolet,2009,217929,petrol,manual,2.15,poor,10610.53
651,Mercedes,2018,76556,petrol,manual,4.02,fair,44591.81
652,Toyota,2012,115270,diesel,automatic,2.4,excellent,57933.79
653,Hyundai,2018,132796,diesel,automatic,1.7,poor,23710.96
654,Toyota,2014,138689,electric,automatic,3.37,poor,27773.01
655,BMW,2006,174666,hybrid,manual,4.67,fair,28186.03
656,Kia,2022,67494,diesel,automatic,4.63,poor,29185.73
657,Hyundai,2014,182777,electric,automatic,3.94,excellent,41696.09
658,BMW,2018,117917,petrol,manual,3.9,excellent,67768.74
659,Kia,2008,54564,diesel,manual,4.99,fair,32173.21
660,Kia,2019,235613,petrol,manual,2.72,good,28142.43
661,Honda,2024,215394,hybrid,automatic,2.44,good,51501.56
662,Honda,2010,223925,petrol,automatic,1.78,good,19735.92
663,Toyota,2011,220606,hybrid,manual,1.07,poor,17296.11
664,Toyota,2017,244304,diesel,automatic,3.04,fair,36807.18
665,Honda,2013,263462,petrol,manual,3.83,excellent,25244.1
666,Honda,2015,267016,electric,manual,2.53,poor,18912.32
667,Hyundai,2014,134945,hybrid,automatic,1.69,good,38820.3
668,BMW,2006,39513,petrol,automatic,3.91,good,45299.18
669,BMW,2018,191838,diesel,automatic,3.32,poor,26610.28
670,BMW,2013,170384,diesel,automatic,1.76,poor,23148.47
671,Toyota,2023,169287,electric,manual,1.94,poor,31893.23
672,Hyundai,2023,183636,hybrid,automatic,2.56,good,54860.42
673,Chevrolet,2023,161551,electric,automatic,4.16,good,54268.3
674,Mercedes,2012,278878,diesel,manual,3.51,excellent,34954.08
675,BMW,2009,38381,electric,manual,4.67,poor,28534.29
676,Chevrolet,2011,190700,petrol,manual,3.08,excellent,35495.55
677,Toyota,2021,282834,electric,manual,3.11,excellent,62967.81
678,Toyota,2017,51585,diesel,automatic,1.22,good,53710.83
679,Toyota,2009,226849,electric,automatic,3.13,excellent,32212.26
680,Kia,2016,183686,hybrid,manual,3.8,fair,26932.76
681,BMW,2012,157466,hybrid,manual,2.49,excellent,52110.79
682,Hyundai,2017,238411,electric,manual,1.12,good,36265.6
683,Honda,2013,141661,electric,automatic,1.28,poor,20771.85
684,Honda,2023,16916,hybrid,manual,3.34,excellent,75000.0
685,Toyota,2013,13361,electric,manual,1.81,poor,30155.24
686,Toyota,2010,125699,electric,automatic,3.27,good,46719.68
687,Honda,2010,87659,diesel,manual,3.59,poor,22529.34
688,Mercedes,2017,236329,petrol,manual,3.93,excellent,67578.46
689,Hyundai,2022,23471,hybrid,automatic,2.63,good,66472.57
690,Mercedes,2015,84701,petrol,manual,3.45,poor,30916.58
691,Kia,2020,265283,diesel,automatic,3.03,good,37403.91
692,Toyota,2010,70476,hybrid,manual,3.74,good,36778.9
693,Chevrolet,2010,0,electric,automatic,3.32,excellent,46316.76
694,Mercedes,2005,299436,electric,automatic,3.71,fair,11595.76
695,Hyundai,2009,128627,hybrid,manual,2.98,excellent,43506.86
696,Toyota,2005,227194,diesel,manual,4.15,excellent,36561.34
697,Mercedes,2005,239836,petrol,automatic,2.78,fair,12679.14
698,Toyota,2011,142091,petrol,manual,4.56,fair,32033.21
699,BMW,2020,264686,electric,manual,2.75,poor,25221.93
700,Mercedes,2016,45316,diesel,automatic,4.97,good,70213.4
701,Chevrolet,2009,115373,petrol,manual,2.55,excellent,35089.4
702,Honda,2018,39517,diesel,manual,2.91,excellent,55627.62
703,Chevrolet,2024,89689,diesel,manual,1.08,good,36149.7
704,BMW,2022,204138,hybrid,automatic,1.48,poor,35427.59
705,Toyota,2016,207003,diesel,manual,1.53,excellent,41542.27
706,Chevrolet,2018,41974,petrol,automatic,3.56,poor,23181.31
707,Mercedes,2017,275125,electric,manual,4.57,excellent,63151.73
708,Mercedes,2022,149108,electric,manual,4.87,excellent,75000.0
709,Mercedes,2035,283655,petrol,automatic,2.06,fair,51260.32
710,Hyundai,2007,121563,petrol,automatic,1.33,excellent,21770.97
711,Honda,2015,18209,petrol,manual,3.97,poor,28845.0
712,BMW,2010,113828,hybrid,manual,2.72,poor,19621.22
713,Mercedes,2010,244962,diesel,manual,1.72,good,40460.71
714,Hyundai,2005,60678,diesel,automatic,3.99,fair,27743.63
715,Hyundai,2008,42179,petrol,automatic,1.91,good,37763.33
716,Mercedes,2021,176202,petrol,manual,4.59,poor,40178.32
717,Toyota,2020,166714,diesel,manual,4.66,poor,22059.29
718,Kia,2013,115359,petrol,automatic,1.69,good,30644.54
719,Toyota,2018,23123,electric,manual,1.95,fair,39420.01
720,BMW,2020,291387,electric,manual,3.56,excellent,70009.05
721,Toyota,2021,274319,hybrid,automatic,2.08,excellent,48891.55
722,Mercedes,2007,69752,diesel,automatic,3.02,good,42104.33
723,Kia,2021,174470,electric,manual,2.31,fair,33093.87
724,Mercedes,2012,203885,diesel,manual,3.17,fair,31868.4
725,Toyota,2020,154177,hybrid,manual,4.61,good,45389.84
726,Hyundai,2023,266593,hybrid,automatic,2.03,good,33413.54
727,BMW,2017,156494,hybrid,automatic,4.13,excellent,65928.11
728,BMW,2024,22953,hybrid,manual,2.17,excellent,75000.0
729,Kia,2007,153600,diesel,automatic,3.01,fair,15821.51
730,Honda,2014,97278,hybrid,automatic,2.22,fair,40443.19
731,Chevrolet,2012,46126,hybrid,automatic,1.09,fair,30878.39
732,Mercedes,2012,190052,electric,automatic,3.81,poor,35583.09
733,Toyota,2012,600000,electric,automatic,1.89,excellent,22986.54
734,Mercedes,2015,238939,diesel,automatic,4.61,poor,28394.59
735,Honda,2005,102463,electric,manual,3.27,good,31426.27
736,Honda,2007,102966,diesel,manual,4.16,fair,32456.58
737,Mercedes,2011,181504,electric,manual,2.54,fair,30304.23
738,Chevrolet,2019,297118,hybrid,automatic,3.15,excellent,42165.03
739,Chevrolet,2019,61697,petrol,manual,4.82,good,39040.92
740,Toyota,2019,239730,petrol,automatic,4.58,good,43186.98
741,Kia,2010,199179,diesel,automatic,2.96,fair,26095.62
742,Hyundai,2006,243294,petrol,manual,3.86,fair,17592.82
743,Honda,2009,151673,hybrid,manual,1.38,poor,14314.55
744,Kia,2021,249914,electric,automatic,2.74,fair,25013.05
745,Kia,2023,37345,hybrid,automatic,3.22,good,51139.54
746,Honda,2019,277491,hybrid,manual,2.82,excellent,44983.63
747,Hyundai,2012,271172,petrol,automatic,3.44,good,34287.97
748,Hyundai,2015,169959,electric,automatic,1.26,excellent,40704.89
749,Chevrolet,2017,133879,hybrid,manual,1.72,poor,19120.29
750,BMW,2023,229371,diesel,automatic,4.58,fair,46443.99
751,Chevrolet,2018,281262,diesel,manual,2.35,excellent,31592.03
752,Mercedes,2023,213979,petrol,automatic,2.49,fair,45963.25
753,Chevrolet,2009,212325,diesel,automatic,2.08,good,21821.75
754,Chevrolet,2012,258057,petrol,automatic,3.03,good,23172.3
755,Mercedes,2021,271202,diesel,manual,1.86,excellent,44780.71
756,BMW,2010,250512,diesel,manual,4.57,good,40770.08
757,Chevrolet,2017,138991,diesel,manual,3.21,good,29737.35
758,Hyundai,2020,216445,diesel,manual,1.7,excellent,32334.87
759,BMW,2018,238879,hybrid,manual,4.87,excellent,55047.56
760,Toyota,2011,114533,electric,automatic,1.57,fair,31321.82
761,Hyundai,2013,33325,electric,manual,4.45,fair,31518.87
762,Toyota,2006,127699,electric,manual,3.26,good,40725.8
763,Hyundai,2020,178644,diesel,manual,2.9,good,31403.78
764,Toyota,2023,194048,electric,manual,1.03,fair,46539.96
765,Mercedes,2019,141146,petrol,automatic,1.5,good,63885.86
766,BMW,2018,271650,diesel,automatic,2.32,fair,38177.21
767,Honda,2013,283804,diesel,manual,1.4,excellent,33872.89
768,Chevrolet,2019,148825,petrol,manual,2.06,poor,16517.9
769,Chevrolet,2023,40138,petrol,automatic,3.6,fair,34843.79
770,Chevrolet,2016,231603,diesel,automatic,3.22,poor,13385.44
771,Toyota,2007,220249,electric,manual,1.31,fair,27381.04
772,Hyundai,2019,62771,diesel,automatic,1.29,poor,21763.18
773,Toyota,2015,19260,diesel,manual,3.3,fair,42838.88
774,BMW,2009,180718,electric,manual,2.54,poor,26803.36
775,Honda,2019,254168,petrol,automatic,4.79,poor,18122.61
776,Chevrolet,2005,99179,electric,manual,4.43,poor,12363.59
777,Mercedes,2020,105017,diesel,manual,2.48,poor,32923.22
778,Kia,2010,74344,petrol,manual,1.91,good,32318.61
779,Mercedes,2018,206593,diesel,manual,3.37,fair,39155.63
780,Chevrolet,2013,170110,electric,manual,2.97,excellent,46824.07
781,Toyota,2024,80077,electric,manual,1.08,good,64735.95
782,Kia,2009,125211,electric,automatic,1.23,poor,15553.25
783,Honda,2016,211584,electric,manual,3.39,fair,28170.01
784,BMW,2013,93361,electric,automatic,2.2,fair,48095.93
785,Honda,2013,54586,hybrid,manual,2.54,fair,36590.91
786,BMW,2014,299136,petrol,automatic,4.62,fair,32454.26
787,Chevrolet,2022,267671,hybrid,automatic,2.74,fair,33830.15
788,Toyota,2016,169408,electric,automatic,3.9,fair,43241.2
789,BMW,2013,170323,petrol,automatic,3.47,fair,37500.11
790,BMW,2008,38172,hybrid,automatic,3.86,fair,51321.95
791,Honda,2024,122155,electric,automatic,4.82,excellent,75000.0
792,BMW,2008,249983,petrol,manual,1.5,good,23874.05
793,BMW,2016,224804,diesel,automatic,1.48,excellent,45036.66
794,Chevrolet,2019,122108,electric,manual,2.4,excellent,47059.17
795,Kia,2015,238950,hybrid,manual,2.37,excellent,43354.0
796,Toyota,2005,146000,petrol,manual,1.74,good,24442.56
797,Toyota,2012,171389,electric,manual,3.91,excellent,45954.44
798,Honda,2012,26092,diesel,manual,4.51,good,54580.02
799,Toyota,2018,280657,hybrid,manual,1.64,poor,22265.45
800,Hyundai,2007,205817,electric,automatic,1.44,excellent,37235.79
801,BMW,2005,100956,hybrid,manual,4.84,fair,38443.14
802,Hyundai,2015,75832,hybrid,automatic,4.49,good,55195.68
803,Kia,2018,219326,diesel,automatic,3.02,poor,17461.85
804,BMW,2008,145961,diesel,automatic,2.98,fair,32147.43
805,Toyota,2009,272889,electric,manual,2.89,good,23205.45
806,Hyundai,2012,100865,hybrid,automatic,1.69,good,33179.6
807,Honda,2016,194312,petrol,manual,2.55,poor,18463.27
808,Hyundai,2007,164725,electric,manual,4.19,fair,27097.63
809,Honda,2024,188075,diesel,automatic,4.68,fair,34644.53
810,Mercedes,2018,188843,diesel,automatic,1.72,good,46067.67
811,Chevrolet,2005,14776,hybrid,manual,1.05,excellent,34545.44
812,Honda,2024,127281,electric,manual,3.64,poor,28935.52
813,Hyundai,2012,67050,diesel,automatic,3.31,good,42355.37
814,Chevrolet,2023,100816,hybrid,manual,1.55,good,38063.27
815,Toyota,2005,199172,electric,automatic,3.93,poor,11717.81
816,BMW,2013,242782,electric,manual,1.6,poor,18416.3
817,Hyundai,2020,208374,hybrid,automatic,3.89,good,36064.18
818,Hyundai,2007,163506,electric,automatic,2.8,excellent,27020.48
819,Kia,2024,115414,electric,automatic,2.35,fair,39143.12
820,BMW,2018,289860,diesel,manual,2.01,poor,21456.77
821,Toyota,2009,178864,petrol,manual,2.29,fair,16294.36
822,Toyota,2013,226358,diesel,automatic,2.01,excellent,29088.15
823,Hyundai,2014,88002,hybrid,manual,1.62,good,37371.7
824,BMW,2011,223873,diesel,manual,2.62,good,28189.38
825,BMW,2005,60600,petrol,manual,2.47,excellent,60164.29
826,Hyundai,2021,122122,petrol,manual,1.97,good,46514.52
827,BMW,2010,42017,diesel,automatic,4.17,poor,30459.61
828,BMW,2007,12121,diesel,automatic,2.64,good,45082.33
829,Toyota,2011,171256,hybrid,manual,4.76,poor,21668.47
830,BMW,2021,232606,petrol,manual,2.03,excellent,58701.23
831,Toyota,2010,106323,petrol,manual,1.9,excellent,44707.7
832,Chevrolet,2009,600000,hybrid,automatic,2.14,poor,8263.77
833,Kia,2022,162670,petrol,automatic,4.26,good,38723.51
834,BMW,2010,81261,hybrid,manual,1.33,good,47855.84
835,Toyota,2014,169267,hybrid,automatic,2.77,fair,29218.92
836,Mercedes,2019,71068,hybrid,manual,2.67,excellent,75000.0
837,Kia,2019,5570,electric,automatic,2.1,fair,38262.57
838,Hyundai,2018,118838,hybrid,automatic,1.96,excellent,50053.94
839,Kia,2022,287098,electric,automatic,1.65,good,40333.01
840,Chevrolet,2013,106934,hybrid,automatic,4.39,poor,17172.31
841,Toyota,2016,18369,petrol,automatic,2.82,fair,41397.03
842,Toyota,2011,220648,diesel,automatic,1.67,excellent,38133.72
843,Honda,2009,128488,petrol,automatic,1.56,poor,21376.58
844,Hyundai,2009,183756,hybrid,automatic,1.21,excellent,31090.05
845,Kia,2009,16020,electric,automatic,3.88,excellent,61261.74
846,Toyota,2015,12797,hybrid,automatic,4.96,excellent,62512.72
847,Toyota,2022,10321,hybrid,automatic,3.23,excellent,75000.0
848,BMW,2018,157721,petrol,automatic,1.41,fair,47370.67
849,Mercedes,1985,133238,diesel,automatic,1.78,good,29519.69
850,Kia,2008,55617,electric,manual,1.02,fair,25736.87
851,BMW,2021,82128,hybrid,automatic,1.51,fair,56101.83
852,Chevrolet,2014,196422,diesel,manual,3.02,excellent,30183.72
853,Toyota,2023,269840,diesel,manual,3.05,fair,35086.89
854,Chevrolet,2022,82333,diesel,manual,2.17,poor,21384.04
855,BMW,2021,267853,hybrid,manual,1.12,good,48335.32
856,Kia,2009,116217,diesel,automatic,3.85,good,32947.7
857,Mercedes,2021,275635,diesel,manual,3.3,good,42220.91
858,BMW,2019,30506,diesel,manual,4.04,poor,33440.39
859,Chevrolet,2015,234545,hybrid,manual,1.26,poor,17924.2
860,Chevrolet,2007,14658,petrol,automatic,2.72,poor,21350.59
861,Hyundai,2009,249220,petrol,automatic,1.42,good,25626.29
862,Toyota,2013,286472,hybrid,manual,2.47,fair,23003.81
863,BMW,2008,234348,diesel,manual,2.06,poor,20710.17
864,Toyota,2040,10924,electric,automatic,3.02,good,72975.38
865,Mercedes,2022,136120,electric,automatic,4.12,poor,38715.28
866,Hyundai,2009,223698,diesel,automatic,1.88,fair,20007.57
867,Chevrolet,2022,164130,petrol,automatic,4.64,fair,30401.46
868,Kia,2005,98164,petrol,automatic,3.43,fair,25726.08
869,Toyota,2009,75172,diesel,automatic,4.09,poor,22139.3
870,Toyota,2024,75627,hybrid,manual,2.18,excellent,75000.0
871,Honda,2023,205239,diesel,automatic,3.53,fair,32463.13
872,BMW,2005,160854,diesel,automatic,1.89,fair,33063.42
873,Toyota,2022,281937,electric,automatic,4.66,fair,33700.61
874,Kia,2017,119147,electric,automatic,3.66,excellent,51733.67
875,Kia,2007,122063,petrol,automatic,3.41,excellent,36421.28
876,Honda,2024,167207,petrol,automatic,2.17,excellent,65981.5
877,Chevrolet,2011,55195,electric,manual,1.06,good,33188.15
878,BMW,1985,178142,hybrid,manual,4.21,fair,19018.57
879,Mercedes,1985,222958,petrol,automatic,1.17,poor,14811.4
880,Hyundai,2013,163413,electric,automatic,1.49,fair,24726.81
881,Kia,2022,108050,hybrid,manual,1.67,good,52803.37
882,Kia,2006,253754,petrol,automatic,3.17,fair,12237.85
883,Mercedes,2016,238962,diesel,manual,3.34,poor,28145.38
884,Chevrolet,2012,285980,diesel,manual,4.17,fair,13097.94
885,Mercedes,2016,258519,electric,manual,2.16,poor,27826.91
886,BMW,2024,165400,petrol,automatic,4.55,fair,49379.99
887,Kia,2023,172091,electric,manual,4.52,poor,25167.09
888,Toyota,2009,189326,diesel,manual,2.59,fair,25519.93
889,BMW,2020,230855,hybrid,automatic,4.93,fair,39262.62
890,Honda,2014,201873,hybrid,automatic,2.73,excellent,49740.2
891,Honda,2019,296068,diesel,manual,3.82,good,34578.68
892,Mercedes,2019,96023,petrol,automatic,4.02,fair,52096.2
893,Kia,2023,89964,diesel,automatic,3.91,good,45552.38
894,Honda,2011,257670,diesel,manual,1.69,good,18673.84
895,Toyota,2009,102173,electric,automatic,3.6,good,36665.07
896,Toyota,2009,266578,petrol,manual,2.7,poor,9909.78
897,Mercedes,2022,176216,hybrid,automatic,4.45,poor,42431.52
898,Kia,2021,98285,petrol,manual,2.47,excellent,54787.13
899,Chevrolet,2021,220169,petrol,automatic,3.31,good,30820.49
900,Mercedes,2006,65162,petrol,manual,1.24,good,33785.5
901,Mercedes,2019,39386,hybrid,automatic,1.88,fair,64908.62
902,Mercedes,2020,265925,electric,automatic,2.52,fair,48240.41
903,Mercedes,2006,160600,petrol,manual,1.09,good,29830.37
904,Chevrolet,2009,500000,petrol,manual,3.18,excellent,12532.78
905,BMW,2018,272805,diesel,automatic,2.85,good,45777.33
906,Mercedes,2014,278183,petrol,manual,2.35,excellent,46862.56
907,Toyota,2013,124005,petrol,manual,2.68,poor,18310.1
908,BMW,2021,84005,diesel,manual,2.25,fair,53768.06
909,Kia,2009,142852,electric,automatic,1.81,poor,17317.94
910,Mercedes,2007,73064,diesel,manual,2.7,good,48877.17
911,Chevrolet,2020,208286,hybrid,manual,3.8,fair,24674.16
912,Kia,2021,139434,diesel,automatic,2.09,good,43379.69
913,Chevrolet,2010,241927,electric,manual,4.29,fair,24321.3
914,BMW,2007,13461,diesel,manual,3.41,good,49803.99
915,Mercedes,2017,185822,electric,automatic,1.99,good,56791.26
916,Chevrolet,2005,145789,diesel,automatic,3.64,fair,20855.08
917,Hyundai,2035,46723,electric,automatic,1.65,poor,32133.77
918,Hyundai,2023,12554,hybrid,manual,1.91,good,50587.33
919,Chevrolet,2007,221444,petrol,automatic,1.53,excellent,24394.19
920,Chevrolet,2010,289502,electric,automatic,4.19,good,31742.94
921,Honda,2007,21924,hybrid,automatic,3.57,excellent,51485.7
922,Toyota,2015,83257,diesel,automatic,2.74,fair,39555.5
923,Chevrolet,2007,167503,petrol,manual,1.5,excellent,18275.32
924,BMW,2023,272884,diesel,manual,4.54,excellent,58485.4
925,Toyota,2016,192227,hybrid,manual,4.78,good,43766.08
926,Hyundai,2016,51201,petrol,manual,3.31,excellent,50268.28
927,Toyota,2012,81596,petrol,manual,4.3,poor,20665.53
928,Kia,2005,82290,electric,automatic,2.36,poor,21761.41
929,Hyundai,2018,46372,electric,manual,1.71,good,54539.39
930,Honda,2024,195143,diesel,manual,3.08,excellent,60621.97
931,Honda,2007,202470,diesel,automatic,1.89,excellent,31110.28
932,BMW,2011,156814,hybrid,automatic,1.67,poor,19415.88
933,Mercedes,2024,161285,hybrid,manual,1.45,good,56457.24
934,BMW,2024,110800,electric,manual,3.94,excellent,75000.0
935,Mercedes,2006,133311,electric,automatic,1.44,good,38914.29
936,Chevrolet,2019,180771,hybrid,manual,4.23,excellent,43643.18
937,Kia,2016,249716,diesel,automatic,4.9,poor,14177.56
938,BMW,2014,286546,diesel,manual,1.04,good,21852.37
939,Kia,2021,287921,diesel,manual,1.22,poor,19626.13
940,Honda,2018,190781,diesel,automatic,1.96,poor,24396.69
941,BMW,2020,30690,electric,manual,4.78,good,75000.0
942,Toyota,2013,204586,petrol,manual,1.32,poor,13309.94
943,Honda,2014,60851,petrol,manual,3.32,excellent,57094.33
944,BMW,2024,250474,petrol,manual,2.39,good,64220.96
945,Honda,2006,168601,electric,manual,4.93,poor,14717.65
946,Honda,2014,172019,hybrid,automatic,1.22,good,31858.09
947,BMW,2011,189481,diesel,automatic,2.28,excellent,49131.62
948,BMW,2018,247145,diesel,manual,4.65,poor,30755.94
949,Hyundai,2011,72844,diesel,manual,2.64,good,29714.02
950,Honda,2020,51321,hybrid,manual,2.63,good,62028.3
951,Chevrolet,2019,256610,electric,manual,2.69,fair,27613.2
952,Kia,2013,295291,petrol,manual,1.62,poor,14937.12
953,Chevrolet,2011,220032,diesel,automatic,4.16,excellent,24165.73
954,Hyundai,2013,289292,electric,manual,3.56,fair,19530.51
955,BMW,2011,29051,hybrid,manual,1.18,poor,27431.55
956,Hyundai,2014,52282,electric,manual,1.26,poor,23134.89
957,Hyundai,2010,32688,electric,automatic,2.68,excellent,63318.69
958,Chevrolet,2005,109358,hybrid,manual,1.79,good,30831.75
959,Kia,2008,190678,diesel,manual,3.16,poor,15637.03
960,Mercedes,2018,179621,diesel,automatic,2.46,excellent,57699.99
961,Honda,2019,43517,hybrid,manual,2.55,excellent,60728.05
962,Mercedes,2018,160385,diesel,automatic,1.86,fair,46175.92
963,Honda,2018,28158,diesel,manual,3.98,good,51463.23
964,Hyundai,2020,227354,hybrid,automatic,1.32,poor,18274.78
965,Hyundai,2011,209044,diesel,manual,1.28,fair,14312.55
966,Hyundai,2013,143676,hybrid,automatic,4.3,good,35330.2
967,Mercedes,2012,248480,electric,automatic,3.63,good,54737.0
968,Chevrolet,2007,220478,hybrid,manual,3.04,poor,13277.07
969,Kia,2018,237518,petrol,automatic,1.87,fair,19658.83
970,Honda,2021,84743,petrol,automatic,3.16,excellent,53895.67
971,Honda,2013,235906,diesel,automatic,1.81,poor,17591.67
972,Honda,2016,78961,hybrid,manual,1.19,excellent,62142.6
973,Kia,2011,43139,electric,automatic,4.81,excellent,61084.82
974,Kia,2023,94934,electric,automatic,1.82,good,47585.93
975,Chevrolet,2016,105483,petrol,manual,2.31,fair,32070.31
976,Mercedes,2014,235394,electric,manual,4.5,excellent,63933.94
977,Mercedes,2013,275863,electric,automatic,1.39,good,42483.26
978,Chevrolet,2012,210445,petrol,automatic,1.21,excellent,29400.03
979,Kia,2021,162038,electric,manual,2.01,excellent,51028.39
980,Kia,2016,90965,electric,automatic,3.1,fair,42377.69
981,Honda,2024,274545,electric,automatic,1.88,poor,30106.95
982,Honda,2020,114930,hybrid,manual,1.32,good,52107.75
983,Chevrolet,2012,123622,diesel,manual,2.45,fair,17774.59
984,Toyota,2016,288730,hybrid,automatic,4.85,fair,29935.53
985,Mercedes,2009,243944,petrol,manual,2.14,poor,21909.23
986,Hyundai,2015,203112,diesel,manual,2.86,fair,27183.29
987,Toyota,2014,95338,hybrid,automatic,3.12,fair,33291.94
988,BMW,2010,93389,diesel,automatic,1.66,excellent,67052.41
989,Mercedes,2018,75192,diesel,automatic,1.52,excellent,73333.57
990,Honda,2024,171891,electric,manual,4.49,good,60982.09
991,Hyundai,2022,253000,petrol,automatic,1.04,good,40129.83
992,Mercedes,2013,76502,hybrid,automatic,3.73,poor,35409.36
993,BMW,2015,137415,hybrid,manual,2.72,good,52915.97
994,Honda,2019,25500,hybrid,automatic,3.12,poor,36293.98
995,Honda,2016,143187,diesel,automatic,2.53,excellent,49449.57
996,Chevrolet,2013,281684,diesel,automatic,3.85,good,26176.86
997,Honda,2008,15035,electric,manual,2.82,good,51939.04
998,Toyota,2009,252640,diesel,automatic,4.06,good,30868.14
999,Mercedes,2010,108332,petrol,automatic,3.21,good,43215.2
1000,Honda,2015,212698,diesel,automatic,2.33,good,27089.04
