car_id,brand,year,mileage_km,fuel_type,transmission,engine_size,condition,price,sale_date,sale_year,sale_month,sale_day,sale_dayofweek,sale_quarter
1,Honda,2006,249468,diesel,manual,3.06,poor,8250.66,2020-07-05 10:31:21.081081,2020,7,5,6,3
2,Kia,2020,126102,electric,automatic,1.82,good,42166.86,2022-03-06 02:31:21.081081,2022,3,6,6,1
3,Honda,2006,65560,diesel,automatic,2.65,poor,20715.12,2024-04-20 22:21:58.918918,2024,4,20,5,2
4,Toyota,2020,168714,diesel,automatic,2.14,good,48034.98,2021-05-08 12:19:27.567567,2021,5,8,5,2
5,Bmw,2010,195083,hybrid,manual,1.4,good,48217.73,2020-07-12 17:59:38.378378,2020,7,12,6,3
6,Honda,2023,30257,electric,automatic,1.25,good,62069.79,2020-05-09 18:37:07.027027,2020,5,9,5,2
7,Honda,2023,130789,petrol,manual,3.23,excellent,65797.63,2023-07-03 11:30:27.027027,2023,7,3,0,3
8,Hyundai,2007,239551,petrol,manual,1.52,good,18859.32,2020-02-06 13:21:26.486486,2020,2,6,3,1
9,Hyundai,2017,105037,electric,manual,4.97,good,42329.29,2023-01-27 06:52:15.135135,2023,1,27,4,1
10,Honda,2011,268560,hybrid,automatic,2.95,excellent,29669.61,2020-08-09 04:00:43.243243,2020,8,9,6,3
11,Toyota,2017,209300,hybrid,automatic,3.26,poor,24635.25,2022-05-01 18:25:35.135135,2022,5,1,6,2
12,Mercedes,2022,118335,hybrid,automatic,2.6,good,64915.61,2021-01-26 03:43:25.405405,2021,1,26,1,1
13,Bmw,2013,296614,hybrid,manual,4.19,poor,21895.08,2021-08-26 04:23:47.027027,2021,8,26,3,3
14,Honda,2017,193460,petrol,automatic,3.12,good,37099.84,2022-04-17 03:29:00.540540,2022,4,17,6,2
15,Toyota,2018,154010,petrol,automatic,3.83,fair,35886.79,2020-06-08 00:30:16.216216,2020,6,8,0,2
16,Hyundai,2016,147710,petrol,automatic,4.16,fair,25840.42,2021-11-10 22:50:48.648648,2021,11,10,2,4
17,Toyota,2021,94499,diesel,manual,1.72,fair,42043.9,2020-06-29 22:55:08.108108,2020,6,29,0,2
18,Toyota,2011,116159,electric,automatic,1.7,excellent,47968.52,2024-05-11 00:54:46.486486,2024,5,11,5,2
19,Mercedes,2012,269265,diesel,automatic,4.18,poor,25017.59,2023-04-26 20:23:47.027027,2023,4,26,2,2
20,Honda,2016,211415,electric,manual,4.2,excellent,49856.09,2020-08-25 14:49:22.162162,2020,8,25,1,3
21,Mercedes,2024,276564,hybrid,automatic,4.6,poor,36564.27,2023-04-23 04:39:38.378378,2023,4,23,6,2
22,Hyundai,2007,234480,hybrid,manual,1.67,poor,12817.58,2021-07-16 23:18:11.891891,2021,7,16,4,3
23,Hyundai,2008,291533,petrol,automatic,1.15,fair,12483.88,2023-11-06 14:23:25.405405,2023,11,6,0,4
24,Kia,2018,142088,electric,manual,1.57,poor,18974.19,2021-09-18 22:40:43.243243,2021,9,18,5,3
25,Honda,2019,207906,hybrid,manual,3.48,fair,30089.32,2022-06-16 11:07:23.243243,2022,6,16,3,2
26,Mercedes,2014,52546,electric,manual,1.9,poor,35731.3,2022-01-24 21:25:45.945945,2022,1,24,0,1
27,Honda,2009,165652,hybrid,manual,3.98,fair,30350.31,2024-01-11 09:38:01.081081,2024,1,11,3,1
28,Toyota,2021,241272,diesel,manual,4.81,excellent,47862.33,2021-12-04 17:07:44.864864,2021,12,4,5,4
29,Kia,2005,78886,diesel,manual,3.06,excellent,33361.87,2020-12-15 02:45:45.945945,2020,12,15,1,4
30,Toyota,2014,77428,hybrid,manual,4.83,poor,24234.87,2024-10-11 13:48:49.729729,2024,10,11,4,4
31,Chevrolet,2019,166969,hybrid,automatic,3.65,good,36234.65,2021-05-19 11:31:53.513513,2021,5,19,2,2
32,Toyota,2015,156806,hybrid,manual,2.58,good,43703.16,2020-10-19 10:51:31.891891,2020,10,19,0,4
33,Honda,2016,226607,electric,manual,4.0,excellent,53323.48,2022-04-18 23:21:04.864864,2022,4,18,0,2
34,Honda,2009,257654,petrol,manual,1.91,poor,10582.46,2021-07-26 02:38:33.513513,2021,7,26,0,3
35,Bmw,2009,167247,electric,manual,4.79,poor,23816.95,2020-02-08 09:13:30.810810,2020,2,8,5,1
36,Kia,2009,177442,electric,automatic,1.34,poor,12524.6,2021-04-05 14:42:09.729729,2021,4,5,0,2
37,Hyundai,2020,116809,diesel,automatic,4.37,fair,38457.33,2023-09-27 09:17:50.270270,2023,9,27,2,3
38,Mercedes,2024,94005,diesel,manual,4.84,good,75000.0,2024-04-13 14:53:41.621621,2024,4,13,5,2
39,Mercedes,2017,149753,hybrid,manual,4.76,good,61222.8,2022-10-20 14:00:21.621621,2022,10,20,3,4
40,Hyundai,2024,115291,diesel,automatic,1.14,excellent,65063.72,2022-05-16 09:22:09.729729,2022,5,16,0,2
41,Kia,2017,51152,electric,automatic,3.85,poor,26326.12,2020-04-16 00:20:10.810810,2020,4,16,3,2
42,Hyundai,2019,188189,hybrid,manual,3.61,excellent,48922.51,2022-07-21 04:36:45.405405,2022,7,21,3,3
43,Mercedes,2024,262280,petrol,manual,1.07,excellent,66411.3,2023-05-29 18:01:04.864864,2023,5,29,0,2
44,Mercedes,2019,185535,diesel,automatic,3.23,good,50884.13,2022-05-18 05:14:14.054054,2022,5,18,2,2
45,Toyota,2005,18760,electric,manual,3.22,fair,25298.69,2023-07-01 15:38:22.702702,2023,7,1,5,3
46,Bmw,2011,114577,hybrid,automatic,3.28,excellent,48442.86,2024-11-17 03:10:16.216216,2024,11,17,6,4
47,Bmw,2017,198519,electric,manual,3.1,excellent,55819.95,2023-11-30 08:40:21.621621,2023,11,30,3,4
48,Kia,2005,123179,hybrid,automatic,2.04,good,33986.08,2020-12-11 11:01:37.297297,2020,12,11,4,4
49,Hyundai,2009,75993,diesel,automatic,2.05,excellent,36616.99,2024-10-15 05:32:58.378378,2024,10,15,1,4
50,Kia,2021,260162,petrol,automatic,1.86,good,30496.45,2023-06-07 21:21:26.486486,2023,6,7,2,2
51,Chevrolet,2009,24138,petrol,manual,1.58,fair,21869.93,2024-10-15 05:32:58.378378,2024,10,15,1,4
52,Hyundai,2008,289843,petrol,automatic,2.0,poor,7875.45,2022-10-24 05:44:30.270270,2022,10,24,0,4
53,Chevrolet,2014,125322,petrol,manual,2.0,good,25838.01,2024-05-18 08:23:03.783783,2024,5,18,5,2
54,Honda,2014,151413,diesel,manual,3.76,fair,28164.45,2022-10-31 13:12:47.567567,2022,10,31,0,4
55,Hyundai,2018,63860,petrol,manual,1.57,fair,36954.68,2021-03-20 03:53:30.810810,2021,3,20,5,1
56,Kia,2009,8033,diesel,manual,3.8,excellent,48075.08,2024-02-27 22:11:53.513513,2024,2,27,1,1
57,Chevrolet,2020,234263,hybrid,automatic,1.6,excellent,40594.09,2022-07-10 05:24:19.459459,2022,7,10,6,3
58,Hyundai,2020,221013,petrol,automatic,3.18,poor,24237.16,2020-08-25 14:49:22.162162,2020,8,25,1,3
59,Hyundai,2022,290051,petrol,automatic,2.31,poor,15956.82,2022-06-03 16:02:52.972972,2022,6,3,4,2
60,Hyundai,2009,260376,petrol,manual,3.63,excellent,35548.89,2024-02-04 03:54:57.297297,2024,2,4,6,1
61,Honda,2017,235885,diesel,automatic,1.22,fair,21163.89,2023-03-26 18:38:33.513513,2023,3,26,6,1
62,Bmw,2015,182167,electric,automatic,3.84,good,47730.2,2020-02-06 13:21:26.486486,2020,2,6,3,1
63,Bmw,2014,108567,hybrid,automatic,3.79,good,62942.3,2024-03-15 09:00:32.432432,2024,3,15,4,1
64,Hyundai,2017,190408,electric,manual,3.37,fair,28419.32,2020-10-30 10:03:57.837837,2020,10,30,4,4
65,Mercedes,2018,176958,hybrid,automatic,2.39,excellent,64768.86,2021-05-13 23:55:40.540540,2021,5,13,3,2
66,Hyundai,2024,143978,diesel,automatic,2.96,excellent,61347.89,2021-12-08 08:51:53.513513,2021,12,8,2,4
67,Honda,2010,79736,electric,automatic,1.55,excellent,59871.15,2023-01-01 16:43:14.594594,2023,1,1,6,1
68,Mercedes,2017,130319,diesel,manual,1.27,excellent,60922.01,2021-07-29 18:22:42.162162,2021,7,29,3,3
69,Honda,2007,155857,hybrid,automatic,2.03,excellent,28962.33,2020-01-24 18:16:56.216216,2020,1,24,4,1
70,Chevrolet,2017,224130,diesel,manual,1.2,fair,18147.64,2021-03-16 12:09:22.162162,2021,3,16,1,1
71,Chevrolet,2012,204598,electric,automatic,3.9,fair,23378.04,2023-11-19 09:27:55.675675,2023,11,19,6,4
72,Chevrolet,2015,14448,diesel,manual,3.55,good,43381.59,2021-09-22 14:24:51.891891,2021,9,22,2,3
73,Kia,2018,33037,diesel,manual,4.9,fair,32180.93,2022-10-27 21:28:38.918918,2022,10,27,3,4
74,Hyundai,2017,41826,electric,manual,2.16,poor,26290.19,2024-06-27 13:28:38.918918,2024,6,27,3,2
75,Hyundai,2023,74349,electric,automatic,2.88,good,52753.39,2021-09-11 15:12:25.945945,2021,9,11,5,3
76,Toyota,2014,266641,electric,manual,2.03,poor,15701.96,2020-06-15 07:58:33.513513,2020,6,15,0,2
77,Kia,2023,193307,petrol,automatic,4.61,fair,38977.76,2021-10-30 23:38:22.702702,2021,10,30,5,4
78,Kia,2012,241894,diesel,automatic,3.05,good,33554.18,2024-10-11 13:48:49.729729,2024,10,11,4,4
79,Hyundai,2005,248176,electric,manual,2.96,good,26304.95,2022-04-09 20:00:43.243243,2022,4,9,5,2
80,Mercedes,1990,500000,hybrid,automatic,1.77,fair,15636.67,2022-02-19 11:34:46.486486,2022,2,19,5,1
81,Hyundai,2020,113076,electric,automatic,2.36,poor,27267.17,2022-07-17 12:52:36.756756,2022,7,17,6,3
82,Bmw,2024,61452,diesel,manual,4.56,poor,40810.39,2023-11-17 13:35:51.351351,2023,11,17,4,4
83,Mercedes,2009,84254,diesel,automatic,4.63,poor,33069.44,2024-09-17 19:31:53.513513,2024,9,17,1,3
84,Mercedes,2024,60578,hybrid,automatic,2.26,good,75000.0,2020-03-03 03:30:27.027027,2020,3,3,1,1
85,Kia,2007,55529,electric,automatic,4.91,good,37678.2,2021-01-09 16:54:46.486486,2021,1,9,5,1
86,Bmw,2021,213756,electric,automatic,1.03,excellent,75000.0,2020-05-26 05:25:45.945945,2020,5,26,1,2
87,Hyundai,2008,26130,diesel,automatic,2.08,excellent,39158.42,2024-08-28 16:59:05.945945,2024,8,28,2,3
88,Toyota,2019,56581,electric,manual,2.83,poor,30990.59,2022-10-22 09:52:25.945945,2022,10,22,5,4
89,Toyota,2015,179259,petrol,automatic,4.77,good,50812.7,2024-05-11 00:54:46.486486,2024,5,11,5,2
90,Kia,2014,249427,petrol,manual,2.28,good,28121.69,2021-12-08 08:51:53.513513,2021,12,8,2,4
91,Mercedes,2014,108419,petrol,manual,2.87,excellent,49560.0,2020-01-02 19:52:04.324324,2020,1,2,3,1
92,Mercedes,2016,104715,petrol,manual,3.88,poor,31813.75,2021-12-12 00:36:02.162162,2021,12,12,6,4
93,Mercedes,2019,66687,petrol,automatic,1.91,fair,50170.33,2022-10-29 17:20:43.243243,2022,10,29,5,4
94,Honda,2022,49128,hybrid,automatic,1.48,poor,36439.76,2020-07-10 22:07:34.054054,2020,7,10,4,3
95,Bmw,2010,150395,electric,automatic,2.65,good,50867.48,2023-11-10 06:07:34.054054,2023,11,10,4,4
96,Kia,2006,269861,electric,automatic,1.03,poor,8866.34,2024-02-09 15:31:10.270270,2024,2,9,4,1
97,Honda,2006,101143,hybrid,automatic,4.22,excellent,49186.99,2022-05-20 01:06:18.378378,2022,5,20,4,2
98,Chevrolet,2006,283866,diesel,manual,3.51,poor,7149.19,2023-07-07 03:14:35.675675,2023,7,7,4,3
99,Honda,2011,146611,petrol,manual,2.95,fair,32660.05,2022-01-02 23:00:54.054054,2022,1,2,6,1
100,Honda,2024,167824,hybrid,manual,2.93,poor,26341.54,2023-08-25 11:40:32.432432,2023,8,25,4,3
101,Toyota,2018,239049,diesel,automatic,2.18,poor,19402.91,2022-10-11 10:40:00.000000,2022,10,11,1,4
102,Chevrolet,2023,15086,hybrid,manual,1.69,excellent,57871.83,2020-10-21 06:43:36.216216,2020,10,21,2,4
103,Honda,2021,253387,petrol,manual,5.0,poor,24132.88,2021-01-02 09:26:29.189189,2021,1,2,5,1
104,Hyundai,2012,12849,hybrid,manual,2.54,excellent,50777.55,2024-10-15 05:32:58.378378,2024,10,15,1,4
105,Toyota,2011,56293,petrol,manual,4.57,poor,21373.2,2024-12-23 16:31:42.702702,2024,12,23,0,4
106,Mercedes,2010,207518,hybrid,manual,4.16,poor,30033.51,2021-05-06 16:27:23.243243,2021,5,6,3,2
107,Chevrolet,2017,299516,hybrid,manual,3.69,poor,18409.32,2024-04-24 14:06:07.567567,2024,4,24,2,2
108,Mercedes,2005,97577,diesel,manual,2.39,good,31743.31,2024-01-29 16:18:44.324324,2024,1,29,0,1
109,Toyota,2023,138695,hybrid,manual,4.34,fair,43707.63,2021-05-08 12:19:27.567567,2021,5,8,5,2
110,Mercedes,2015,138706,hybrid,automatic,1.61,good,72575.67,2022-04-11 15:52:47.567567,2022,4,11,0,2
111,Kia,2015,168862,hybrid,manual,1.93,good,31595.74,2022-04-22 15:05:13.513513,2022,4,22,4,2
112,Bmw,2005,56629,electric,manual,4.88,poor,21944.03,2023-08-20 00:04:19.459459,2023,8,20,6,3
113,Kia,2020,25307,hybrid,manual,4.67,poor,31789.92,2021-04-03 18:50:05.405405,2021,4,3,5,2
114,Honda,2016,183514,hybrid,automatic,3.71,good,40052.74,2023-07-05 07:22:31.351351,2023,7,5,2,3
115,Hyundai,2016,79154,hybrid,automatic,3.57,excellent,46028.54,2021-06-23 05:01:15.675675,2021,6,23,2,2
116,Kia,2006,61312,petrol,manual,3.29,fair,17431.32,2023-08-16 08:20:10.810810,2023,8,16,2,3
117,Toyota,2012,64263,petrol,automatic,1.91,poor,18568.97,2023-08-07 04:59:49.189189,2023,8,7,0,3
118,Hyundai,2016,120602,diesel,automatic,3.82,excellent,53500.46,2023-09-29 05:09:54.594594,2023,9,29,4,3
119,Chevrolet,2024,22893,electric,manual,2.95,excellent,58936.33,2021-09-07 23:28:17.297297,2021,9,7,1,3
120,Toyota,2011,255647,diesel,manual,4.73,poor,17907.32,2024-05-23 19:59:16.756756,2024,5,23,3,2
121,Kia,2022,84818,hybrid,manual,4.69,fair,45560.62,2020-04-05 01:07:44.864864,2020,4,5,6,2
122,Mercedes,2015,76435,electric,manual,2.02,excellent,75000.0,2023-12-16 19:29:00.540540,2023,12,16,5,4
123,Chevrolet,2017,292425,diesel,manual,4.41,good,30785.84,2024-08-10 10:18:22.702702,2024,8,10,5,3
124,Toyota,2013,117427,petrol,manual,1.81,excellent,35465.63,2021-01-29 19:27:34.054054,2021,1,29,4,1
125,Hyundai,2017,263114,petrol,manual,2.5,fair,19978.53,2023-10-26 15:10:59.459459,2023,10,26,3,4
126,Hyundai,2005,166966,electric,manual,1.88,fair,19976.11,2020-12-07 19:17:28.648648,2020,12,7,0,4
127,Hyundai,2010,121560,electric,manual,1.91,excellent,34419.78,2021-11-23 17:55:18.918918,2021,11,23,1,4
128,Mercedes,2022,100540,electric,manual,3.47,poor,44811.33,2022-06-18 06:59:27.567567,2022,6,18,5,2
129,Hyundai,2015,42300,diesel,automatic,3.32,fair,37799.83,2020-03-14 02:42:52.972972,2020,3,14,5,1
130,Kia,2020,155021,hybrid,manual,1.64,excellent,42627.78,2020-10-12 03:23:14.594594,2020,10,12,0,4
131,Honda,2022,198803,petrol,automatic,2.37,excellent,45925.46,2020-01-26 14:09:00.540540,2020,1,26,6,1
132,Bmw,2017,25105,hybrid,automatic,1.66,good,75000.0,2024-01-24 04:42:31.351351,2024,1,24,2,1
133,Kia,2014,60467,electric,manual,1.34,good,42712.5,2020-04-26 23:32:36.756756,2020,4,26,6,2
134,Honda,2019,92192,diesel,manual,1.82,excellent,50486.41,2024-04-13 14:53:41.621621,2024,4,13,5,2
135,Chevrolet,2011,163188,hybrid,manual,2.57,good,27649.79,2024-03-11 17:16:23.783783,2024,3,11,0,1
136,Bmw,2007,200434,hybrid,automatic,4.06,fair,34700.21,2022-08-08 11:17:28.648648,2022,8,8,0,3
137,Toyota,2010,236552,hybrid,automatic,4.08,fair,27267.19,2021-09-18 22:40:43.243243,2021,9,18,5,3
138,Toyota,2021,29139,hybrid,automatic,3.98,excellent,75000.0,2020-08-21 23:05:13.513513,2020,8,21,4,3
139,Honda,2023,103977,petrol,automatic,2.33,fair,38822.6,2023-03-28 14:30:37.837837,2023,3,28,1,1
140,Kia,2011,28229,petrol,automatic,2.86,fair,24957.71,2022-05-10 21:45:56.756756,2022,5,10,1,2
141,Bmw,2005,194401,petrol,manual,2.17,poor,20827.35,2020-04-23 07:48:28.108108,2020,4,23,3,2
142,Hyundai,2022,84867,hybrid,manual,3.22,fair,40437.05,2020-09-09 05:45:56.756756,2020,9,9,2,3
143,Mercedes,2017,208000,electric,automatic,2.17,excellent,67631.81,2022-06-29 06:11:53.513513,2022,6,29,2,2
144,Bmw,2020,286539,electric,automatic,2.81,fair,39490.52,2022-12-18 01:46:39.999999,2022,12,18,6,4
145,Hyundai,2009,152415,electric,manual,2.21,poor,13990.02,2021-12-15 16:20:10.810810,2021,12,15,2,4
146,Hyundai,2007,196579,petrol,automatic,4.49,fair,22900.48,2023-05-16 22:56:34.594594,2023,5,16,1,2
147,Toyota,2020,65615,electric,automatic,3.31,fair,58478.06,2022-02-03 00:46:07.567567,2022,2,3,3,1
148,Chevrolet,2021,96899,electric,automatic,1.46,fair,35277.71,2021-06-10 09:56:45.405405,2021,6,10,3,2
149,Mercedes,2005,252894,electric,automatic,2.1,good,15270.71,2021-11-21 22:03:14.594594,2021,11,21,6,4
150,Kia,2010,130523,electric,manual,1.95,fair,30353.79,2023-11-12 01:59:38.378378,2023,11,12,6,4
151,Mercedes,2018,86622,electric,automatic,1.87,fair,47669.23,2022-06-12 19:23:14.594594,2022,6,12,6,2
152,Chevrolet,2016,27487,hybrid,automatic,3.1,fair,40486.24,2021-02-24 09:36:34.594594,2021,2,24,2,1
153,Honda,2012,76303,petrol,manual,4.92,poor,28153.51,2020-03-14 02:42:52.972972,2020,3,14,5,1
154,Mercedes,2005,187297,petrol,automatic,4.86,good,36966.93,2020-02-19 08:25:56.756756,2020,2,19,2,1
155,Hyundai,2015,60893,diesel,manual,3.69,good,49509.97,2020-09-01 22:17:39.459459,2020,9,1,1,3
156,Mercedes,2022,173339,petrol,manual,4.25,excellent,71194.01,2020-12-31 13:34:24.864864,2020,12,31,3,4
157,Honda,2005,268513,diesel,automatic,4.66,fair,20428.14,2024-03-13 13:08:28.108108,2024,3,13,2,1
158,Chevrolet,2008,136314,hybrid,manual,3.19,fair,17070.21,2023-11-24 21:04:08.648648,2023,11,24,4,4
159,Hyundai,2024,244990,electric,manual,1.71,poor,24612.35,2024-08-25 01:14:57.297297,2024,8,25,6,3
160,Toyota,2020,170912,petrol,manual,4.5,fair,31096.61,2020-02-28 11:46:18.378378,2020,2,28,4,1
161,Hyundai,2014,81539,petrol,automatic,3.94,excellent,40014.55,2020-03-26 21:47:23.243243,2020,3,26,3,1
162,Mercedes,2019,242062,electric,manual,2.29,poor,25242.52,2022-07-06 13:40:10.810810,2022,7,6,2,3
163,Chevrolet,2007,67400,hybrid,automatic,3.47,excellent,47766.54,2022-01-12 02:21:15.675675,2022,1,12,2,1
164,Honda,2007,260118,diesel,automatic,3.39,poor,14907.61,2022-11-13 08:17:17.837837,2022,11,13,6,4
165,Hyundai,2022,84714,diesel,automatic,2.41,fair,38734.38,2023-08-21 19:56:23.783783,2023,8,21,0,3
166,Honda,2019,172232,diesel,manual,4.94,poor,20531.86,2024-01-09 13:45:56.756756,2024,1,9,1,1
167,Bmw,2016,91085,petrol,manual,3.47,poor,27286.46,2020-06-28 03:03:03.783783,2020,6,28,6,2
168,Bmw,2017,106686,hybrid,automatic,1.76,excellent,75000.0,2023-06-02 09:45:13.513513,2023,6,2,4,2
169,Honda,2017,180066,hybrid,automatic,1.66,good,50285.86,2024-05-11 00:54:46.486486,2024,5,11,5,2
170,Honda,2020,500000,petrol,automatic,2.26,poor,22008.25,2023-08-18 04:12:15.135135,2023,8,18,4,3
171,Kia,2021,208464,petrol,manual,3.56,excellent,43846.41,2024-12-07 05:43:03.783783,2024,12,7,5,4
172,Mercedes,2007,176877,electric,manual,3.77,fair,23319.19,2022-09-24 23:51:21.081081,2022,9,24,5,3
173,Mercedes,2024,173746,hybrid,automatic,2.17,excellent,75000.0,2024-10-20 17:09:11.351351,2024,10,20,6,4
174,Bmw,2015,31427,diesel,automatic,4.72,excellent,67350.32,2023-09-10 22:29:11.351351,2023,9,10,6,3
175,Toyota,2013,247826,hybrid,manual,3.44,poor,23069.0,2023-01-23 15:08:06.486486,2023,1,23,0,1
176,Honda,2017,196268,petrol,manual,2.76,poor,17911.87,2024-09-17 19:31:53.513513,2024,9,17,1,3
177,Hyundai,2023,22106,hybrid,manual,4.04,excellent,65320.17,2022-04-22 15:05:13.513513,2022,4,22,4,2
178,Honda,2006,194312,hybrid,manual,4.17,excellent,41664.99,2023-03-19 11:10:16.216216,2023,3,19,6,1
179,Bmw,2008,50643,petrol,manual,4.19,poor,27517.23,2023-11-04 18:31:21.081081,2023,11,4,5,4
180,Bmw,2007,157552,petrol,manual,3.19,fair,33926.68,2020-01-08 07:28:17.297297,2020,1,8,2,1
181,Bmw,2006,76942,petrol,manual,4.2,fair,30948.57,2021-01-31 15:19:38.378378,2021,1,31,6,1
182,Honda,2024,178773,diesel,manual,4.86,fair,44909.92,2022-07-06 13:40:10.810810,2022,7,6,2,3
183,Chevrolet,2011,262089,hybrid,manual,3.87,good,21556.06,2023-11-01 02:47:12.432432,2023,11,1,2,4
184,Honda,2011,72321,electric,automatic,4.23,excellent,71149.57,2021-12-26 15:32:36.756756,2021,12,26,6,4
185,Bmw,2020,114161,electric,automatic,4.61,fair,65588.87,2024-05-09 05:02:42.162162,2024,5,9,3,2
186,Toyota,2021,115816,petrol,automatic,4.48,excellent,68504.31,2023-12-22 07:05:13.513513,2023,12,22,4,4
187,Kia,2018,56113,diesel,manual,1.83,fair,26671.91,2021-12-17 12:12:15.135135,2021,12,17,4,4
188,Honda,2020,137644,petrol,manual,4.47,excellent,66728.84,2021-01-11 12:46:50.810810,2021,1,11,0,1
189,Chevrolet,2006,133264,hybrid,automatic,1.2,poor,15482.73,2020-01-26 14:09:00.540540,2020,1,26,6,1
190,Honda,2009,238627,electric,automatic,1.08,poor,9866.58,2024-04-15 10:45:45.945945,2024,4,15,0,2
191,Honda,2016,162811,hybrid,manual,3.55,poor,24546.59,2022-10-07 18:55:51.351351,2022,10,7,4,4
192,Toyota,2013,201923,petrol,manual,1.93,excellent,40553.22,2024-06-16 14:16:12.972972,2024,6,16,6,2
193,Kia,2006,158186,electric,automatic,3.35,good,32388.72,2022-04-20 19:13:09.189189,2022,4,20,2,2
194,Toyota,2006,250068,diesel,automatic,1.75,fair,13396.37,2023-06-15 04:49:43.783783,2023,6,15,3,2
195,Bmw,2016,152874,diesel,automatic,4.17,fair,48920.66,2022-11-15 04:09:22.162162,2022,11,15,1,4
196,Toyota,2015,80322,petrol,automatic,3.73,poor,28729.66,2024-04-26 09:58:11.891891,2024,4,26,4,2
197,Bmw,2013,282583,electric,automatic,1.95,fair,37230.04,2023-09-18 05:57:28.648648,2023,9,18,0,3
198,Hyundai,2017,268640,hybrid,automatic,2.63,good,26990.72,2021-03-14 16:17:17.837837,2021,3,14,6,1
199,Chevrolet,2017,186361,petrol,manual,3.86,good,34410.77,2022-10-26 01:36:34.594594,2022,10,26,2,4
200,Mercedes,2020,9763,petrol,automatic,4.16,fair,54206.33,2020-06-22 15:26:50.810810,2020,6,22,0,2
201,Hyundai,2024,114029,petrol,automatic,4.46,fair,35474.87,2024-07-01 05:12:47.567567,2024,7,1,0,3
202,Mercedes,2020,234275,petrol,automatic,3.77,poor,29905.66,2023-09-01 19:08:49.729729,2023,9,1,4,3
203,Kia,2015,58195,diesel,manual,3.67,excellent,56227.16,2022-06-03 16:02:52.972972,2022,6,3,4,2
204,Kia,2014,213294,petrol,manual,4.69,good,26017.09,2022-01-12 02:21:15.675675,2022,1,12,2,1
205,Bmw,2006,119363,electric,manual,4.25,fair,38218.97,2021-02-24 09:36:34.594594,2021,2,24,2,1
206,Kia,2010,184026,electric,manual,4.57,poor,18946.2,2023-09-29 05:09:54.594594,2023,9,29,4,3
207,Hyundai,2012,210369,diesel,automatic,1.24,good,26706.02,2023-04-10 09:35:08.108108,2023,4,10,0,2
208,Kia,2010,178401,electric,automatic,4.02,excellent,48550.41,2020-11-06 17:32:15.135135,2020,11,6,4,4
209,Bmw,2014,55223,hybrid,automatic,2.24,poor,31910.86,2022-09-14 00:38:55.135135,2022,9,14,2,3
210,Bmw,2021,142527,petrol,automatic,1.33,good,67859.85,2020-03-04 23:22:31.351351,2020,3,4,2,1
211,Hyundai,2006,86217,hybrid,manual,3.39,fair,20505.21,2022-08-15 18:45:45.945945,2022,8,15,0,3
212,Kia,2024,162782,hybrid,manual,2.83,excellent,46493.0,2020-10-17 14:59:27.567567,2020,10,17,5,4
213,Chevrolet,2005,15775,diesel,manual,2.4,fair,23125.49,2024-03-11 17:16:23.783783,2024,3,11,0,1
214,Chevrolet,2012,150866,diesel,manual,3.63,good,27570.85,2023-06-29 19:46:18.378378,2023,6,29,3,2
215,Chevrolet,2019,147268,hybrid,manual,1.55,poor,19494.65,2021-03-18 08:01:26.486486,2021,3,18,3,1
216,Hyundai,2024,22625,electric,automatic,2.02,fair,42713.09,2020-06-04 08:46:07.567567,2020,6,4,3,2
217,Bmw,2012,136541,petrol,automatic,3.78,good,49661.23,2023-12-24 02:57:17.837837,2023,12,24,6,4
218,Bmw,2018,243521,petrol,manual,4.38,fair,29590.52,2022-11-20 15:45:35.135135,2022,11,20,6,4
219,Toyota,2019,280476,petrol,automatic,4.68,fair,29545.07,2023-05-29 18:01:04.864864,2023,5,29,0,2
220,Bmw,2023,244098,hybrid,automatic,2.09,fair,47171.0,2022-10-13 06:32:04.324324,2022,10,13,3,4
221,Mercedes,2006,86278,diesel,automatic,4.84,good,55548.84,2022-11-13 08:17:17.837837,2022,11,13,6,4
222,Bmw,2012,98309,petrol,automatic,4.55,good,55136.45,2024-10-06 02:12:36.756756,2024,10,6,6,4
223,Honda,2024,228409,diesel,manual,3.55,good,44121.22,2023-03-24 22:46:29.189189,2023,3,24,4,1
224,Chevrolet,2019,45508,diesel,automatic,4.91,poor,24302.97,2023-12-24 02:57:17.837837,2023,12,24,6,4
225,Kia,2008,255915,petrol,automatic,4.95,excellent,20144.46,2020-02-19 08:25:56.756756,2020,2,19,2,1
226,Kia,2020,201875,hybrid,manual,1.95,fair,34194.85,2023-02-05 10:12:36.756756,2023,2,5,6,1
227,Mercedes,2007,38451,diesel,automatic,3.01,poor,24361.1,2022-10-11 10:40:00.000000,2022,10,11,1,4
228,Toyota,2009,190256,hybrid,manual,4.06,good,43320.97,2021-09-11 15:12:25.945945,2021,9,11,5,3
229,Mercedes,2010,19517,hybrid,automatic,4.11,good,70738.25,2023-12-27 18:41:26.486486,2023,12,27,2,4
230,Honda,2006,89509,electric,manual,2.26,fair,28508.1,2024-10-15 05:32:58.378378,2024,10,15,1,4
231,Bmw,2005,147395,petrol,automatic,2.26,poor,13777.98,2021-08-26 04:23:47.027027,2021,8,26,3,3
232,Hyundai,2020,230411,hybrid,manual,4.92,excellent,48438.06,2023-03-13 23:34:03.243243,2023,3,13,0,1
233,Mercedes,2023,227047,electric,manual,3.08,poor,36541.88,2022-07-12 01:16:23.783783,2022,7,12,1,3
234,Mercedes,2022,221930,hybrid,manual,4.44,excellent,63537.84,2021-09-26 06:09:00.540540,2021,9,26,6,3
235,Hyundai,2007,269676,hybrid,automatic,2.67,fair,17676.44,2022-05-12 17:38:01.081081,2022,5,12,3,2
236,Toyota,2007,268120,electric,automatic,2.27,fair,12775.13,2021-02-24 09:36:34.594594,2021,2,24,2,1
237,Chevrolet,2008,293228,electric,automatic,2.35,fair,19353.94,2020-12-11 11:01:37.297297,2020,12,11,4,4
238,Kia,2011,79191,electric,automatic,3.82,fair,25581.29,2021-02-13 10:24:08.648648,2021,2,13,5,1
239,Mercedes,2014,48239,petrol,automatic,4.93,excellent,75000.0,2021-12-02 21:15:40.540540,2021,12,2,3,4
240,Bmw,2005,272185,diesel,automatic,2.41,excellent,19327.15,2021-11-18 06:19:05.945945,2021,11,18,3,4
241,Honda,2024,203679,petrol,manual,3.15,fair,38748.14,2021-05-30 10:44:19.459459,2021,5,30,6,2
242,Honda,2021,146699,electric,manual,4.24,excellent,71214.03,2024-10-15 05:32:58.378378,2024,10,15,1,4
243,Toyota,2008,284063,hybrid,automatic,2.83,good,21498.01,2023-03-01 04:29:32.972972,2023,3,1,2,1
244,Toyota,2024,102784,petrol,manual,3.5,poor,32887.31,2023-02-20 01:09:11.351351,2023,2,20,0,1
245,Chevrolet,2024,0,diesel,automatic,1.86,fair,38124.34,2024-11-11 15:34:03.243243,2024,11,11,0,4
246,Toyota,2022,177290,electric,automatic,1.18,excellent,75000.0,2023-09-21 21:41:37.297297,2023,9,21,3,3
247,Hyundai,2009,197385,petrol,manual,2.63,poor,14264.85,2021-04-16 13:54:35.675675,2021,4,16,4,2
248,Hyundai,2018,107727,diesel,manual,4.8,fair,29176.37,2021-10-16 08:41:48.108108,2021,10,16,5,4
249,Toyota,2013,240830,electric,manual,1.32,fair,25707.93,2023-07-19 22:19:05.945945,2023,7,19,2,3
250,Chevrolet,2005,94012,diesel,manual,2.15,fair,13754.93,2022-04-11 15:52:47.567567,2022,4,11,0,2
251,Toyota,2023,67321,diesel,manual,3.14,poor,27827.03,2022-01-19 09:49:32.972972,2022,1,19,2,1
252,Hyundai,2012,212924,electric,manual,2.02,poor,14230.61,2023-03-30 10:22:42.162162,2023,3,30,3,1
253,Kia,2015,185124,petrol,manual,2.13,good,34613.51,2021-08-02 10:06:50.810810,2021,8,2,0,3
254,Chevrolet,2020,109443,hybrid,automatic,1.33,poor,19790.08,2023-05-20 14:40:43.243243,2023,5,20,5,2
255,Bmw,2021,208725,electric,automatic,2.61,good,51404.18,2021-02-13 10:24:08.648648,2021,2,13,5,1
256,Mercedes,2007,110270,hybrid,automatic,2.26,good,33169.06,2024-02-04 03:54:57.297297,2024,2,4,6,1
257,Hyundai,2013,20533,petrol,automatic,3.61,poor,22779.14,2021-03-01 21:12:47.567567,2021,3,1,0,1
258,Chevrolet,2006,260065,petrol,manual,1.9,fair,9720.69,2023-06-02 09:45:13.513513,2023,6,2,4,2
259,Kia,2009,190799,diesel,manual,2.63,excellent,23022.72,2023-04-26 20:23:47.027027,2023,4,26,2,2
260,Honda,2019,82511,diesel,automatic,1.85,good,43518.8,2024-11-15 07:18:11.891891,2024,11,15,4,4
261,Bmw,2020,258047,electric,manual,3.67,poor,25933.26,2024-02-18 18:51:31.891891,2024,2,18,6,1
262,Toyota,2009,249815,hybrid,automatic,1.36,poor,17047.58,2021-11-12 18:42:52.972972,2021,11,12,4,4
263,Hyundai,2024,261850,electric,manual,3.56,excellent,59855.45,2023-05-11 11:20:21.621621,2023,5,11,3,2
264,Mercedes,2010,294146,diesel,manual,3.13,excellent,28963.65,2023-01-14 11:47:44.864864,2023,1,14,5,1
265,Kia,2009,166992,electric,automatic,1.34,poor,15816.2,2022-05-10 21:45:56.756756,2022,5,10,1,2
266,Kia,2016,153861,hybrid,automatic,2.79,good,33127.41,2021-02-28 01:20:43.243243,2021,2,28,6,1
267,Hyundai,2020,183919,diesel,manual,3.82,excellent,40962.87,2023-06-17 00:41:48.108108,2023,6,17,5,2
268,Kia,2019,125780,petrol,manual,4.53,good,40796.56,2020-07-23 17:12:04.324324,2020,7,23,3,3
269,Honda,2006,193538,diesel,manual,3.73,good,22284.43,2024-02-24 06:27:44.864864,2024,2,24,5,1
270,Toyota,2007,142927,petrol,manual,4.35,excellent,45396.45,2022-06-25 14:27:44.864864,2022,6,25,5,2
271,Honda,2012,178585,hybrid,manual,3.25,good,30947.34,2022-03-17 01:43:47.027027,2022,3,17,3,1
272,Toyota,2019,79010,diesel,automatic,2.04,poor,31839.11,2022-10-26 01:36:34.594594,2022,10,26,2,4
273,Hyundai,2019,174102,diesel,manual,2.0,good,32268.39,2021-05-03 00:43:14.594594,2021,5,3,0,2
274,Mercedes,2024,215786,electric,automatic,1.3,excellent,72457.78,2022-07-19 08:44:41.081081,2022,7,19,1,3
275,Mercedes,2015,276038,hybrid,automatic,4.35,poor,31186.69,2024-01-13 05:30:05.405405,2024,1,13,5,1
276,Hyundai,2016,31135,petrol,automatic,3.82,excellent,64616.82,2021-12-04 17:07:44.864864,2021,12,4,5,4
277,Hyundai,2020,53633,hybrid,automatic,1.76,poor,27353.78,2021-12-06 12:59:49.189189,2021,12,6,0,4
278,Bmw,2018,28433,diesel,automatic,4.66,excellent,75000.0,2020-07-23 17:12:04.324324,2020,7,23,3,3
279,Toyota,2017,112879,petrol,manual,3.3,good,54788.04,2023-01-23 15:08:06.486486,2023,1,23,0,1
280,Bmw,2015,17061,diesel,automatic,3.61,good,66153.73,2023-02-14 13:32:58.378378,2023,2,14,1,1
281,Mercedes,2011,183237,diesel,automatic,1.15,poor,16657.94,2024-10-04 06:20:32.432432,2024,10,4,4,4
282,Kia,2023,208522,electric,manual,2.44,poor,25083.55,2020-05-26 05:25:45.945945,2020,5,26,1,2
283,Kia,2019,5852,petrol,automatic,3.68,excellent,52779.02,2023-06-29 19:46:18.378378,2023,6,29,3,2
284,Mercedes,2018,297608,petrol,manual,4.07,fair,42119.7,2020-07-23 17:12:04.324324,2020,7,23,3,3
285,Bmw,2024,31521,petrol,automatic,1.32,poor,41696.22,2020-01-02 19:52:04.324324,2020,1,2,3,1
286,Hyundai,2018,189627,electric,automatic,3.95,excellent,52769.55,2023-03-17 15:18:11.891891,2023,3,17,4,1
287,Hyundai,2012,147676,petrol,manual,3.09,excellent,35401.22,2021-02-04 07:03:47.027027,2021,2,4,3,1
288,Hyundai,2012,60708,electric,automatic,3.67,fair,42427.4,2022-10-29 17:20:43.243243,2022,10,29,5,4
289,Honda,2015,169139,petrol,manual,4.81,excellent,61036.87,2024-04-09 23:09:32.972972,2024,4,9,1,2
290,Hyundai,2015,47824,electric,manual,4.97,poor,26026.32,2024-12-25 12:23:47.027027,2024,12,25,2,4
291,Honda,2006,239016,electric,automatic,2.88,excellent,18376.57,2023-09-05 10:52:58.378378,2023,9,5,1,3
292,Honda,2021,245054,diesel,automatic,1.65,good,41934.28,2021-02-13 10:24:08.648648,2021,2,13,5,1
293,Chevrolet,2020,223376,hybrid,manual,3.04,excellent,42430.55,2021-12-02 21:15:40.540540,2021,12,2,3,4
294,Toyota,2023,264040,electric,automatic,1.27,poor,22667.7,2022-01-04 18:52:58.378378,2022,1,4,1,1
295,Chevrolet,2018,288512,electric,automatic,1.22,good,24508.19,2023-03-10 07:49:54.594594,2023,3,10,4,1
296,Toyota,2016,224692,petrol,automatic,3.66,poor,16890.58,2020-08-23 18:57:17.837837,2020,8,23,6,3
297,Mercedes,2016,57417,electric,manual,3.96,good,75000.0,2020-04-05 01:07:44.864864,2020,4,5,6,2
298,Bmw,2021,80539,diesel,automatic,2.0,good,72760.39,2023-06-02 09:45:13.513513,2023,6,2,4,2
299,Mercedes,2010,276125,diesel,manual,3.8,poor,17372.79,2023-08-25 11:40:32.432432,2023,8,25,4,3
300,Kia,2005,129573,diesel,manual,3.18,poor,10217.08,2023-05-11 11:20:21.621621,2023,5,11,3,2
301,Toyota,2015,248640,diesel,automatic,1.93,fair,23038.81,2023-07-19 22:19:05.945945,2023,7,19,2,3
302,Chevrolet,2010,213557,petrol,manual,4.28,excellent,28330.97,2022-01-28 13:09:54.594594,2022,1,28,4,1
303,Bmw,2014,211519,electric,automatic,3.94,fair,49247.85,2021-03-25 15:29:43.783783,2021,3,25,3,1
304,Chevrolet,2017,291193,diesel,automatic,2.47,poor,16509.09,2024-03-06 05:40:10.810810,2024,3,6,2,1
305,Chevrolet,2015,51038,diesel,automatic,2.82,good,33774.16,2022-03-11 14:07:34.054054,2022,3,11,4,1
306,Honda,2022,286128,diesel,automatic,1.4,fair,22338.27,2021-01-04 05:18:33.513513,2021,1,4,0,1
307,Kia,2008,279825,electric,automatic,4.57,excellent,28341.12,2020-11-30 11:49:11.351351,2020,11,30,0,4
308,Chevrolet,2017,55251,petrol,automatic,2.22,poor,24866.88,2020-08-10 23:52:47.567567,2020,8,10,0,3
309,Honda,2007,66431,electric,automatic,4.0,good,50614.07,2022-01-01 03:08:49.729729,2022,1,1,5,1
310,Honda,2023,51322,petrol,automatic,3.64,fair,47723.71,2023-11-01 02:47:12.432432,2023,11,1,2,4
311,Kia,2014,196103,hybrid,manual,2.36,fair,25756.42,2021-06-19 13:17:07.027027,2021,6,19,5,2
312,Bmw,2015,229918,diesel,automatic,2.27,good,40488.89,2021-05-24 23:08:06.486486,2021,5,24,0,2
313,Kia,2005,149133,petrol,manual,3.0,poor,11109.03,2024-03-08 01:32:15.135135,2024,3,8,4,1
314,Chevrolet,2017,101975,electric,automatic,2.53,fair,35091.19,2024-06-01 23:19:38.378378,2024,6,1,5,2
315,Honda,2010,290902,diesel,automatic,3.16,excellent,33395.26,2023-01-18 03:31:53.513513,2023,1,18,2,1
316,Chevrolet,2005,170499,hybrid,automatic,1.32,excellent,31415.48,2020-12-26 01:58:11.891891,2020,12,26,5,4
317,Bmw,2015,258717,diesel,automatic,4.45,good,63515.14,2024-11-28 02:22:42.162162,2024,11,28,3,4
318,Chevrolet,2007,258016,hybrid,manual,3.92,good,22543.74,2024-07-14 00:17:17.837837,2024,7,14,6,3
319,Toyota,2022,103555,diesel,automatic,2.56,poor,35198.69,2022-07-21 04:36:45.405405,2022,7,21,3,3
320,Mercedes,2022,18855,petrol,automatic,4.68,poor,51666.2,2023-10-04 16:46:07.567567,2023,10,4,2,4
321,Chevrolet,2022,77423,hybrid,automatic,1.63,fair,34399.23,2020-09-18 09:06:18.378378,2020,9,18,4,3
322,Kia,2009,253448,hybrid,automatic,4.15,fair,14520.39,2023-01-16 07:39:49.189189,2023,1,16,0,1
323,Kia,2012,232269,hybrid,automatic,3.68,poor,19502.99,2020-12-31 13:34:24.864864,2020,12,31,3,4
324,Mercedes,2022,158043,hybrid,manual,4.63,fair,38220.8,2020-08-12 19:44:51.891891,2020,8,12,2,3
325,Kia,2018,266739,electric,automatic,2.98,poor,20092.75,2020-12-05 23:25:24.324324,2020,12,5,5,4
326,Hyundai,2024,120770,hybrid,manual,3.76,good,58494.28,2021-08-17 01:03:25.405405,2021,8,17,1,3
327,Chevrolet,2022,230348,hybrid,manual,1.17,excellent,40143.72,2022-04-26 06:49:22.162162,2022,4,26,1,2
328,Hyundai,2018,270809,petrol,manual,3.77,fair,24256.47,2021-09-28 02:01:04.864864,2021,9,28,1,3
329,Mercedes,2023,159953,diesel,automatic,4.44,good,67339.54,2023-11-08 10:15:29.729729,2023,11,8,2,4
330,Hyundai,2024,192260,diesel,automatic,2.13,excellent,54352.17,2023-04-19 12:55:29.729729,2023,4,19,2,2
331,Honda,2012,251282,diesel,automatic,1.88,fair,16339.26,2023-10-26 15:10:59.459459,2023,10,26,3,4
332,Hyundai,2023,141103,diesel,manual,3.49,poor,25904.7,2024-10-09 17:56:45.405405,2024,10,9,2,4
333,Toyota,2008,283242,hybrid,automatic,2.86,excellent,17840.36,2024-08-28 16:59:05.945945,2024,8,28,2,3
334,Mercedes,2014,34498,electric,automatic,1.31,excellent,75000.0,2022-01-04 18:52:58.378378,2022,1,4,1,1
335,Honda,2005,125470,diesel,automatic,4.4,good,27090.08,2021-09-22 14:24:51.891891,2021,9,22,2,3
336,Bmw,2022,193584,petrol,manual,2.52,fair,37245.63,2024-10-24 08:53:20.000000,2024,10,24,3,4
337,Honda,2005,99967,hybrid,manual,4.37,good,42440.51,2022-07-21 04:36:45.405405,2022,7,21,3,3
338,Honda,2020,30904,petrol,manual,2.32,poor,31311.78,2020-09-23 20:42:31.351351,2020,9,23,2,3
339,Toyota,2021,100781,diesel,automatic,3.26,poor,31022.74,2020-09-25 16:34:35.675675,2020,9,25,4,3
340,Bmw,2009,253370,hybrid,manual,4.31,good,35365.31,2024-04-26 09:58:11.891891,2024,4,26,4,2
341,Toyota,2024,179022,electric,manual,2.96,poor,27156.07,2023-07-21 18:11:10.270270,2023,7,21,4,3
342,Bmw,2013,83107,electric,automatic,3.05,fair,43972.23,2024-02-05 23:47:01.621621,2024,2,5,0,1
343,Kia,2005,22394,petrol,automatic,1.79,poor,14946.24,2022-06-10 23:31:10.270270,2022,6,10,4,2
344,Toyota,2019,139217,electric,manual,3.42,poor,31179.4,2024-08-23 05:22:52.972972,2024,8,23,4,3
345,Toyota,2014,54041,hybrid,manual,4.89,excellent,73882.24,2024-09-05 00:27:23.243243,2024,9,5,3,3
346,Hyundai,2018,207987,petrol,automatic,3.61,poor,23031.79,2023-03-13 23:34:03.243243,2023,3,13,0,1
347,Chevrolet,2007,39012,diesel,automatic,3.24,good,28703.19,2022-10-02 07:19:38.378378,2022,10,2,6,4
348,Bmw,2021,299979,petrol,manual,1.98,fair,31387.46,2021-09-07 23:28:17.297297,2021,9,7,1,3
349,Mercedes,2006,124044,electric,manual,2.49,poor,28314.53,2024-05-11 00:54:46.486486,2024,5,11,5,2
350,Kia,2016,238569,petrol,automatic,1.38,good,28004.66,2023-03-15 19:26:07.567567,2023,3,15,2,1
351,Toyota,2018,130322,hybrid,manual,3.39,good,51423.31,2023-11-23 01:12:04.324324,2023,11,23,3,4
352,Honda,2015,22350,electric,manual,1.27,fair,41761.61,2024-12-09 01:35:08.108108,2024,12,9,0,4
353,Toyota,2009,148317,hybrid,automatic,2.91,excellent,45174.13,2024-10-06 02:12:36.756756,2024,10,6,6,4
354,Chevrolet,2023,12630,diesel,automatic,3.07,fair,36282.78,2022-05-12 17:38:01.081081,2022,5,12,3,2
355,Toyota,2017,53337,hybrid,automatic,1.46,poor,33246.85,2024-09-23 07:08:06.486486,2024,9,23,0,3
356,Honda,2009,42046,petrol,manual,4.86,good,48314.36,2020-10-01 04:10:48.648648,2020,10,1,3,4
357,Honda,2011,152106,petrol,automatic,2.83,fair,20243.91,2022-01-26 17:17:50.270270,2022,1,26,2,1
358,Bmw,2008,87877,petrol,automatic,2.58,poor,28486.04,2024-12-12 17:19:16.756756,2024,12,12,3,4
359,Chevrolet,2012,196975,diesel,manual,2.0,good,22716.91,2021-06-26 20:45:24.324324,2021,6,26,5,2
360,Bmw,2016,278910,petrol,manual,2.3,fair,29178.44,2023-01-19 23:23:57.837837,2023,1,19,3,1
361,Bmw,2009,67181,hybrid,manual,4.91,poor,30104.44,2021-04-23 21:22:52.972972,2021,4,23,4,2
362,Hyundai,2015,194767,diesel,manual,3.08,excellent,38323.04,2023-10-26 15:10:59.459459,2023,10,26,3,4
363,Mercedes,2024,210732,electric,manual,3.15,excellent,75000.0,2020-09-18 09:06:18.378378,2020,9,18,4,3
364,Toyota,2016,73766,diesel,manual,1.17,good,51699.94,2021-09-22 14:24:51.891891,2021,9,22,2,3
365,Honda,2008,288205,petrol,automatic,2.05,good,19283.79,2023-02-12 17:40:54.054054,2023,2,12,6,1
366,Honda,2013,108218,electric,automatic,1.34,poor,19550.04,2022-11-09 16:33:09.189189,2022,11,9,2,4
367,Hyundai,2013,194145,hybrid,automatic,4.63,fair,23362.36,2024-05-27 11:43:25.405405,2024,5,27,0,2
368,Kia,2017,98093,hybrid,manual,4.08,good,50385.48,2020-01-02 19:52:04.324324,2020,1,2,3,1
369,Bmw,2022,232224,electric,automatic,2.71,poor,38397.67,2024-06-25 17:36:34.594594,2024,6,25,1,2
370,Kia,2018,247282,diesel,automatic,1.87,good,25892.14,2021-07-07 19:57:50.270270,2021,7,7,2,3
371,Bmw,2015,222734,petrol,automatic,3.65,poor,24563.23,2021-04-07 10:34:14.054054,2021,4,7,2,2
372,Bmw,2017,164213,petrol,manual,2.2,fair,34738.88,2023-04-04 21:58:55.135135,2023,4,4,1,2
373,Kia,2015,8375,petrol,automatic,2.95,fair,36596.66,2022-04-06 04:16:34.594594,2022,4,6,2,2
374,Hyundai,2005,295994,diesel,automatic,1.48,good,6224.82,2020-03-06 19:14:35.675675,2020,3,6,4,1
375,Hyundai,2009,166812,petrol,manual,1.5,good,21994.21,2020-10-17 14:59:27.567567,2020,10,17,5,4
376,Kia,2021,29320,hybrid,automatic,4.22,good,53036.71,2020-01-15 14:56:34.594594,2020,1,15,2,1
377,Mercedes,2020,66466,diesel,manual,1.33,fair,50229.04,2021-02-28 01:20:43.243243,2021,2,28,6,1
378,Honda,2005,15553,electric,automatic,3.55,poor,27842.51,2020-06-28 03:03:03.783783,2020,6,28,6,2
379,Bmw,2018,77469,diesel,automatic,4.4,fair,50647.73,2023-04-17 17:03:25.405405,2023,4,17,0,2
380,Honda,2009,99728,hybrid,automatic,1.46,fair,20923.33,2024-01-29 16:18:44.324324,2024,1,29,0,1
381,Chevrolet,2022,277832,hybrid,manual,1.95,excellent,30241.48,2021-01-13 08:38:55.135135,2021,1,13,2,1
382,Honda,2013,267885,hybrid,manual,4.01,fair,20832.97,2020-08-25 14:49:22.162162,2020,8,25,1,3
383,Hyundai,2007,54549,diesel,manual,3.13,excellent,38116.74,2022-01-06 14:45:02.702702,2022,1,6,3,1
384,Honda,2016,122993,hybrid,automatic,4.16,good,48043.04,2020-10-03 00:02:52.972972,2020,10,3,5,4
385,Chevrolet,2009,32107,petrol,automatic,2.45,fair,19945.76,2020-04-06 20:59:49.189189,2020,4,6,0,2
386,Honda,2009,209346,diesel,manual,1.31,fair,14609.14,2020-08-05 12:16:34.594594,2020,8,5,2,3
387,Honda,2006,132021,electric,manual,1.82,excellent,35149.12,2023-05-13 07:12:25.945945,2023,5,13,5,2
388,Toyota,2019,206829,hybrid,manual,2.87,good,41670.43,2024-08-06 18:34:14.054054,2024,8,6,1,3
389,Bmw,2015,53549,hybrid,automatic,4.18,poor,49815.58,2023-02-20 01:09:11.351351,2023,2,20,0,1
390,Mercedes,2021,99876,hybrid,automatic,2.28,good,75000.0,2022-12-07 02:34:14.054054,2022,12,7,2,4
391,Mercedes,2011,121902,electric,manual,3.92,poor,37454.83,2023-02-14 13:32:58.378378,2023,2,14,1,1
392,Kia,2018,189768,petrol,automatic,3.35,fair,33006.63,2024-11-02 12:13:41.621621,2024,11,2,5,4
393,Bmw,2006,188484,petrol,manual,2.18,fair,18379.67,2022-02-04 20:38:11.891891,2022,2,4,4,1
394,Honda,2022,288738,hybrid,automatic,4.96,fair,39384.02,2022-02-08 12:22:20.540540,2022,2,8,1,1
395,Chevrolet,2023,249814,hybrid,automatic,4.2,good,33336.57,2020-07-07 06:23:25.405405,2020,7,7,1,3
396,Chevrolet,2019,275322,electric,automatic,3.99,poor,21653.92,2024-04-04 11:33:19.999999,2024,4,4,3,2
397,Bmw,2013,6695,hybrid,automatic,2.9,fair,45101.21,2021-04-07 10:34:14.054054,2021,4,7,2,2
398,Mercedes,2006,23926,hybrid,automatic,1.96,poor,31702.68,2021-02-17 02:08:17.297297,2021,2,17,2,1
399,Mercedes,2018,29264,electric,automatic,2.77,good,68511.41,2020-07-21 21:19:59.999999,2020,7,21,1,3
400,Toyota,2006,7894,petrol,automatic,1.77,excellent,35881.63,2022-07-19 08:44:41.081081,2022,7,19,1,3
401,Kia,2011,242958,diesel,manual,2.13,excellent,32498.54,2022-05-12 17:38:01.081081,2022,5,12,3,2
402,Hyundai,2022,42622,diesel,automatic,1.45,good,55449.26,2020-06-28 03:03:03.783783,2020,6,28,6,2
403,Mercedes,2015,139312,petrol,automatic,2.86,fair,33551.67,2020-10-04 19:54:57.297297,2020,10,4,6,4
404,Bmw,2023,116395,petrol,automatic,4.21,good,65839.76,2024-04-20 22:21:58.918918,2024,4,20,5,2
405,Mercedes,2010,140806,electric,manual,2.52,excellent,72127.86,2024-07-26 19:21:48.108108,2024,7,26,4,3
406,Toyota,2024,48189,electric,automatic,3.16,fair,58738.35,2024-06-23 21:44:30.270270,2024,6,23,6,2
407,Chevrolet,2009,41994,hybrid,automatic,4.22,excellent,39167.67,2024-05-22 00:07:12.432432,2024,5,22,2,2
408,Toyota,2022,139023,diesel,manual,3.66,good,47172.43,2021-09-07 23:28:17.297297,2021,9,7,1,3
409,Honda,2005,240649,hybrid,automatic,3.2,poor,8793.08,2023-07-12 14:50:48.648648,2023,7,12,2,3
410,Bmw,2005,271353,electric,automatic,2.56,fair,11632.68,2024-02-09 15:31:10.270270,2024,2,9,4,1
411,Bmw,2020,164279,hybrid,automatic,2.05,fair,55717.37,2020-10-23 02:35:40.540540,2020,10,23,4,4
412,Kia,2010,248278,electric,manual,2.67,poor,9093.38,2023-08-07 04:59:49.189189,2023,8,7,0,3
413,Bmw,2018,85161,hybrid,automatic,2.71,excellent,65539.04,2024-10-13 09:40:54.054054,2024,10,13,6,4
414,Hyundai,2018,9047,hybrid,automatic,2.76,good,46814.92,2023-05-27 22:09:00.540540,2023,5,27,5,2
415,Mercedes,2020,169564,hybrid,manual,2.03,good,68241.39,2024-12-23 16:31:42.702702,2024,12,23,0,4
416,Chevrolet,2023,184207,hybrid,automatic,2.02,fair,31964.27,2020-10-19 10:51:31.891891,2020,10,19,0,4
417,Mercedes,2013,8440,hybrid,manual,2.17,excellent,75000.0,2022-11-24 07:29:43.783783,2022,11,24,3,4
418,Honda,2015,42528,diesel,automatic,1.55,poor,25301.03,2024-01-02 06:17:39.459459,2024,1,2,1,1
419,Bmw,2011,226191,petrol,manual,4.14,fair,29758.25,2021-12-26 15:32:36.756756,2021,12,26,6,4
420,Kia,2014,127644,electric,manual,1.34,fair,27514.58,2021-05-19 11:31:53.513513,2021,5,19,2,2
421,Bmw,2014,237983,petrol,automatic,1.8,good,48090.54,2024-01-29 16:18:44.324324,2024,1,29,0,1
422,Chevrolet,2014,298686,diesel,automatic,3.23,fair,15109.3,2024-07-30 11:05:56.756756,2024,7,30,1,3
423,Honda,2010,56107,diesel,manual,3.3,fair,31554.85,2022-07-08 09:32:15.135135,2022,7,8,4,3
424,Toyota,2010,183355,hybrid,manual,3.44,fair,20326.09,2024-06-23 21:44:30.270270,2024,6,23,6,2
425,Bmw,2010,194748,hybrid,automatic,1.77,excellent,43100.97,2021-12-15 16:20:10.810810,2021,12,15,2,4
426,Hyundai,2014,252400,diesel,manual,4.59,poor,18045.83,2020-09-01 22:17:39.459459,2020,9,1,1,3
427,Chevrolet,2012,90986,petrol,automatic,1.98,good,31518.66,2020-12-20 14:21:58.918918,2020,12,20,6,4
428,Mercedes,2017,182669,hybrid,automatic,4.97,fair,45112.03,2022-01-01 03:08:49.729729,2022,1,1,5,1
429,Bmw,2024,297319,electric,manual,3.27,excellent,56336.36,2023-03-13 23:34:03.243243,2023,3,13,0,1
430,Hyundai,2021,146939,diesel,automatic,2.4,excellent,58341.19,2020-02-28 11:46:18.378378,2020,2,28,4,1
431,Kia,2007,253641,hybrid,manual,4.54,good,27014.56,2023-06-09 17:13:30.810810,2023,6,9,4,2
432,Honda,2007,85250,electric,automatic,2.44,fair,25979.51,2022-04-18 23:21:04.864864,2022,4,18,0,2
433,Toyota,2022,164012,hybrid,automatic,2.9,fair,44326.92,2024-10-09 17:56:45.405405,2024,10,9,2,4
434,Bmw,2020,98430,electric,manual,1.54,fair,57432.35,2024-05-31 03:27:34.054054,2024,5,31,4,2
435,Honda,2009,209974,petrol,manual,2.88,good,20493.81,2022-05-07 06:01:48.108108,2022,5,7,5,2
436,Kia,2012,280328,diesel,manual,2.42,fair,21921.15,2021-11-14 14:34:57.297297,2021,11,14,6,4
437,Bmw,2010,164244,electric,manual,4.26,excellent,47585.55,2020-02-08 09:13:30.810810,2020,2,8,5,1
438,Toyota,2013,29713,petrol,automatic,1.29,good,50614.08,2023-10-01 01:01:58.918918,2023,10,1,6,4
439,Honda,2006,59186,diesel,automatic,4.53,excellent,47282.78,2023-05-07 19:36:12.972972,2023,5,7,6,2
440,Chevrolet,2010,43016,electric,manual,2.71,good,32220.11,2020-03-08 15:06:39.999999,2020,3,8,6,1
441,Bmw,2006,176348,electric,automatic,2.95,good,34195.77,2021-02-22 13:44:30.270270,2021,2,22,0,1
442,Honda,2024,293504,hybrid,automatic,3.82,poor,23489.88,2021-10-27 07:54:14.054054,2021,10,27,2,4
443,Honda,2008,203762,petrol,manual,2.3,excellent,32721.16,2022-10-24 05:44:30.270270,2022,10,24,0,4
444,Bmw,2010,219144,electric,automatic,3.13,excellent,60701.15,2022-03-09 18:15:29.729729,2022,3,9,2,1
445,Bmw,2021,132830,hybrid,automatic,2.3,good,59150.08,2023-11-17 13:35:51.351351,2023,11,17,4,4
446,Toyota,2018,117830,hybrid,manual,4.95,poor,28099.92,2021-05-30 10:44:19.459459,2021,5,30,6,2
447,Hyundai,2009,42328,hybrid,automatic,2.33,good,45833.33,2020-02-17 12:33:52.432432,2020,2,17,0,1
448,Bmw,2016,217861,hybrid,manual,3.96,poor,22683.39,2021-02-15 06:16:12.972972,2021,2,15,0,1
449,Toyota,2021,77131,diesel,automatic,1.74,fair,39310.73,2021-05-19 11:31:53.513513,2021,5,19,2,2
450,Mercedes,2014,171852,diesel,automatic,1.87,good,43979.48,2023-12-27 18:41:26.486486,2023,12,27,2,4
451,Bmw,2011,500000,petrol,automatic,2.6,excellent,36501.4,2023-01-16 07:39:49.189189,2023,1,16,0,1
452,Kia,2019,88199,diesel,automatic,3.07,good,49132.57,2021-06-01 06:36:23.783783,2021,6,1,1,2
453,Kia,2005,30375,diesel,automatic,1.57,good,24923.86,2024-05-23 19:59:16.756756,2024,5,23,3,2
454,Hyundai,2015,281899,diesel,automatic,4.81,fair,26479.06,2024-10-18 21:17:07.027027,2024,10,18,4,4
455,Kia,2008,45836,hybrid,manual,1.74,excellent,38345.05,2022-05-27 08:34:35.675675,2022,5,27,4,2
456,Toyota,2015,156328,hybrid,automatic,4.72,excellent,62595.54,2022-04-06 04:16:34.594594,2022,4,6,2,2
457,Chevrolet,2018,277516,electric,manual,1.64,fair,18898.91,2024-02-22 10:35:40.540540,2024,2,22,3,1
458,Toyota,2007,31389,hybrid,manual,1.98,fair,33324.96,2024-01-29 16:18:44.324324,2024,1,29,0,1
459,Mercedes,2012,247517,electric,automatic,4.63,poor,34142.23,2023-04-17 17:03:25.405405,2023,4,17,0,2
460,Hyundai,2020,24543,hybrid,automatic,1.76,poor,30291.44,2022-07-30 07:57:07.027027,2022,7,30,5,3
461,Hyundai,2007,84768,petrol,automatic,4.94,good,40633.05,2022-09-24 23:51:21.081081,2022,9,24,5,3
462,Hyundai,2022,281090,hybrid,automatic,4.37,poor,25176.82,2020-12-15 02:45:45.945945,2020,12,15,1,4
463,Kia,2022,219012,diesel,automatic,4.22,excellent,54941.87,2020-03-28 17:39:27.567567,2020,3,28,5,1
464,Hyundai,2022,293658,hybrid,automatic,4.99,fair,33591.32,2022-07-23 00:28:49.729729,2022,7,23,5,3
465,Chevrolet,2011,239729,petrol,automatic,3.16,fair,22817.91,2020-01-30 05:53:09.189189,2020,1,30,3,1
466,Honda,2020,268915,diesel,automatic,3.02,fair,36390.86,2020-11-08 13:24:19.459459,2020,11,8,6,4
467,Toyota,2012,49905,hybrid,automatic,3.32,fair,34191.48,2021-02-04 07:03:47.027027,2021,2,4,3,1
468,Hyundai,2024,157900,petrol,automatic,2.78,fair,31297.36,2020-10-13 23:15:18.918918,2020,10,13,1,4
469,Chevrolet,2016,286127,electric,manual,2.66,excellent,39048.72,2022-05-20 01:06:18.378378,2022,5,20,4,2
470,Kia,2015,245587,diesel,automatic,3.19,poor,12582.65,2020-03-23 06:03:14.594594,2020,3,23,0,1
471,Chevrolet,2014,231849,diesel,manual,1.19,poor,12762.97,2021-11-10 22:50:48.648648,2021,11,10,2,4
472,Kia,2021,274069,diesel,automatic,2.63,poor,18368.67,2022-08-02 23:41:15.675675,2022,8,2,1,3
473,Chevrolet,2020,9895,electric,manual,4.0,poor,26311.24,2020-06-28 03:03:03.783783,2020,6,28,6,2
474,Mercedes,2021,0,electric,automatic,3.37,poor,46411.19,2024-06-16 14:16:12.972972,2024,6,16,6,2
475,Hyundai,2016,232283,petrol,manual,3.23,good,37389.52,2023-09-21 21:41:37.297297,2023,9,21,3,3
476,Chevrolet,2017,97122,diesel,manual,1.37,good,28306.46,2020-03-06 19:14:35.675675,2020,3,6,4,1
477,Bmw,2024,212041,diesel,automatic,2.4,fair,51724.11,2021-05-24 23:08:06.486486,2021,5,24,0,2
478,Honda,2015,126835,electric,manual,1.66,excellent,59617.23,2021-09-28 02:01:04.864864,2021,9,28,1,3
479,Honda,2006,197145,diesel,manual,3.81,poor,12181.23,2022-06-25 14:27:44.864864,2022,6,25,5,2
480,Bmw,2008,185877,hybrid,manual,2.97,fair,20075.92,2021-07-04 04:13:41.621621,2021,7,4,6,3
481,Kia,2019,74688,petrol,automatic,4.6,poor,28819.38,2020-11-25 00:12:58.378378,2020,11,25,2,4
482,Mercedes,2015,174251,hybrid,manual,1.16,good,52081.34,2023-01-12 15:55:40.540540,2023,1,12,3,1
483,Hyundai,2009,42510,petrol,automatic,1.53,good,40788.23,2020-06-28 03:03:03.783783,2020,6,28,6,2
484,Honda,2007,24958,diesel,automatic,3.0,good,34810.11,2023-07-01 15:38:22.702702,2023,7,1,5,3
485,Bmw,2006,34476,electric,automatic,3.96,excellent,75000.0,2024-12-18 04:55:29.729729,2024,12,18,2,4
486,Toyota,2009,11214,hybrid,manual,1.67,good,49380.2,2020-07-29 04:48:17.297297,2020,7,29,2,3
487,Honda,2018,212224,petrol,automatic,3.8,poor,18941.15,2020-12-13 06:53:41.621621,2020,12,13,6,4
488,Kia,2015,203302,electric,manual,3.41,poor,15754.71,2021-04-05 14:42:09.729729,2021,4,5,0,2
489,Mercedes,2006,131068,petrol,manual,3.15,good,47105.76,2024-11-26 06:30:37.837837,2024,11,26,1,4
490,Kia,2011,91877,electric,automatic,2.45,poor,23316.63,2024-08-21 09:30:48.648648,2024,8,21,2,3
491,Mercedes,2020,268765,electric,manual,3.42,good,45077.98,2024-11-29 22:14:46.486486,2024,11,29,4,4
492,Chevrolet,2023,122959,electric,automatic,2.29,poor,24839.36,2020-10-19 10:51:31.891891,2020,10,19,0,4
493,Bmw,2009,186881,diesel,automatic,3.53,excellent,40307.1,2021-04-11 02:18:22.702702,2021,4,11,6,2
494,Mercedes,2007,65098,electric,manual,4.12,fair,33047.68,2021-08-11 13:27:12.432432,2021,8,11,2,3
495,Honda,2013,215502,diesel,manual,3.95,good,25935.15,2020-08-20 03:13:09.189189,2020,8,20,3,3
496,Bmw,2005,253384,petrol,automatic,1.56,poor,14934.14,2020-02-01 01:45:13.513513,2020,2,1,5,1
497,Kia,2015,35490,petrol,manual,3.84,excellent,61695.63,2023-12-18 15:21:04.864864,2023,12,18,0,4
498,Chevrolet,2008,207321,hybrid,manual,4.22,excellent,31688.39,2023-09-03 15:00:54.054054,2023,9,3,6,3
499,Mercedes,2022,133386,electric,automatic,1.59,fair,60161.78,2022-10-29 17:20:43.243243,2022,10,29,5,4
500,Bmw,2024,192342,petrol,manual,1.78,excellent,75000.0,2022-11-06 00:49:00.540540,2022,11,6,6,4
501,Honda,2023,64020,hybrid,automatic,2.91,fair,53313.2,2021-08-11 13:27:12.432432,2021,8,11,2,3
502,Chevrolet,2020,285009,diesel,manual,1.28,fair,23106.6,2024-05-11 00:54:46.486486,2024,5,11,5,2
503,Mercedes,2012,167635,hybrid,automatic,4.67,good,52855.25,2023-06-06 01:29:22.162162,2023,6,6,1,2
504,Bmw,2020,68251,diesel,manual,2.39,excellent,71885.62,2023-12-16 19:29:00.540540,2023,12,16,5,4
505,Bmw,2015,94921,petrol,automatic,3.74,excellent,75000.0,2023-02-16 09:25:02.702702,2023,2,16,3,1
506,Mercedes,2015,62946,electric,manual,1.58,excellent,75000.0,2021-06-08 14:04:41.081081,2021,6,8,1,2
507,Hyundai,2008,278200,petrol,automatic,1.94,good,20677.48,2024-09-17 19:31:53.513513,2024,9,17,1,3
508,Bmw,2014,219412,electric,manual,4.3,good,60729.85,2024-04-08 03:17:28.648648,2024,4,8,0,2
509,Bmw,2014,234959,diesel,automatic,4.92,poor,23798.17,2023-04-25 00:31:42.702702,2023,4,25,1,2
510,Toyota,2024,278519,petrol,automatic,1.36,poor,22144.71,2024-10-22 13:01:15.675675,2024,10,22,1,4
511,Chevrolet,2019,38326,diesel,manual,4.17,poor,23380.28,2023-03-12 03:41:58.918918,2023,3,12,6,1
512,Mercedes,2007,108330,petrol,automatic,4.16,fair,33218.92,2020-10-08 11:39:05.945945,2020,10,8,3,4
513,Kia,2016,33172,electric,automatic,3.86,fair,35986.45,2022-06-12 19:23:14.594594,2022,6,12,6,2
514,Hyundai,2009,152516,electric,automatic,3.07,fair,20422.52,2021-12-04 17:07:44.864864,2021,12,4,5,4
515,Toyota,2007,75191,diesel,automatic,2.63,poor,20095.95,2024-12-05 09:50:59.459459,2024,12,5,3,4
516,Bmw,2008,224782,diesel,automatic,2.4,excellent,26995.48,2023-12-04 00:24:30.270270,2023,12,4,0,4
517,Honda,2010,106706,diesel,automatic,4.48,good,36421.81,2020-07-07 06:23:25.405405,2020,7,7,1,3
518,Bmw,2021,255844,diesel,manual,4.08,good,46913.42,2024-08-23 05:22:52.972972,2024,8,23,4,3
519,Bmw,2013,27967,electric,manual,2.72,good,66556.34,2021-12-17 12:12:15.135135,2021,12,17,4,4
520,Hyundai,2019,14790,electric,manual,2.77,good,49942.64,2024-01-20 12:58:22.702702,2024,1,20,5,1
521,Mercedes,2019,170072,petrol,manual,1.55,fair,37133.64,2021-03-23 19:37:39.459459,2021,3,23,1,1
522,Kia,2013,81421,hybrid,automatic,2.54,excellent,56235.14,2020-11-15 20:52:36.756756,2020,11,15,6,4
523,Mercedes,2005,79282,hybrid,manual,3.26,good,51097.96,2020-03-10 10:58:44.324324,2020,3,10,1,1
524,Kia,2021,244253,petrol,automatic,1.13,excellent,45793.46,2022-05-20 01:06:18.378378,2022,5,20,4,2
525,Honda,2017,69698,hybrid,automatic,2.37,excellent,57809.94,2023-05-29 18:01:04.864864,2023,5,29,0,2
526,Chevrolet,2006,299777,diesel,automatic,3.28,fair,13863.9,2023-10-17 11:50:37.837837,2023,10,17,1,4
527,Mercedes,2019,143087,diesel,manual,3.36,good,51155.75,2022-09-08 13:02:42.162162,2022,9,8,3,3
528,Kia,2015,278795,diesel,manual,1.85,excellent,21610.2,2024-05-01 21:34:24.864864,2024,5,1,2,2
529,Bmw,2007,203531,hybrid,manual,2.97,fair,32270.58,2024-02-02 08:02:52.972972,2024,2,2,4,1
530,Honda,2014,238033,electric,automatic,4.92,fair,27119.09,2024-08-08 14:26:18.378378,2024,8,8,3,3
531,Kia,2024,105243,diesel,automatic,1.75,fair,31630.24,2022-01-13 22:13:19.999999,2022,1,13,3,1
532,Honda,2024,28791,diesel,automatic,2.21,excellent,74867.16,2022-08-15 18:45:45.945945,2022,8,15,0,3
533,Chevrolet,2007,190047,electric,automatic,3.54,fair,17674.68,2024-02-20 14:43:36.216216,2024,2,20,1,1
534,Bmw,2016,42953,electric,manual,3.62,fair,49632.01,2022-07-12 01:16:23.783783,2022,7,12,1,3
535,Mercedes,2010,229871,diesel,manual,4.86,good,37869.3,2024-07-06 16:49:00.540540,2024,7,6,5,3
536,Toyota,2017,175052,hybrid,manual,3.94,fair,34592.41,2024-02-15 03:07:23.243243,2024,2,15,3,1
537,Bmw,2013,154676,petrol,manual,2.18,fair,31223.14,2020-03-04 23:22:31.351351,2020,3,4,2,1
538,Mercedes,2018,114295,diesel,automatic,1.56,poor,28732.45,2023-06-04 05:37:17.837837,2023,6,4,6,2
539,Hyundai,2007,217207,electric,manual,2.16,good,17799.25,2020-02-04 17:29:22.162162,2020,2,4,1,1
540,Honda,2023,86653,diesel,automatic,3.49,excellent,66450.23,2021-08-07 21:43:03.783783,2021,8,7,5,3
541,Hyundai,2010,7574,hybrid,manual,3.41,excellent,41436.83,2023-11-17 13:35:51.351351,2023,11,17,4,4
542,Mercedes,2015,48444,hybrid,manual,2.5,excellent,75000.0,2022-07-23 00:28:49.729729,2022,7,23,5,3
543,Bmw,2014,24614,electric,automatic,4.01,good,63575.29,2021-12-30 07:16:45.405405,2021,12,30,3,4
544,Mercedes,2015,33221,petrol,automatic,1.79,excellent,66865.97,2023-04-08 13:43:03.783783,2023,4,8,5,2
545,Toyota,2010,140236,electric,manual,1.02,good,42182.03,2024-11-09 19:41:58.918918,2024,11,9,5,4
546,Mercedes,2007,64099,petrol,automatic,1.28,poor,23980.03,2024-05-31 03:27:34.054054,2024,5,31,4,2
547,Hyundai,2022,146120,electric,automatic,3.56,fair,47073.0,2022-05-09 01:53:52.432432,2022,5,9,0,2
548,Bmw,2014,160565,diesel,automatic,1.66,excellent,50691.12,2020-09-16 13:14:14.054054,2020,9,16,2,3
549,Mercedes,2005,277044,electric,manual,4.21,fair,29053.49,2020-06-15 07:58:33.513513,2020,6,15,0,2
550,Honda,2015,267400,petrol,manual,2.39,good,48312.41,2021-10-07 05:21:26.486486,2021,10,7,3,4
551,Kia,2010,200517,electric,automatic,1.75,excellent,25059.31,2024-03-02 13:56:02.162162,2024,3,2,5,1
552,Chevrolet,2011,220086,petrol,manual,2.4,fair,12291.54,2023-12-31 10:25:35.135135,2023,12,31,6,4
553,Mercedes,2012,9237,electric,manual,4.67,good,69119.1,2023-08-20 00:04:19.459459,2023,8,20,6,3
554,Honda,2012,175683,diesel,automatic,2.97,excellent,32578.81,2024-10-17 01:25:02.702702,2024,10,17,3,4
555,Bmw,2017,222504,petrol,automatic,4.04,good,52019.56,2024-04-08 03:17:28.648648,2024,4,8,0,2
556,Chevrolet,2014,265801,hybrid,manual,3.6,poor,13897.45,2020-04-01 09:23:36.216216,2020,4,1,2,2
557,Bmw,2021,221590,electric,manual,2.85,fair,46459.95,2023-04-28 16:15:51.351351,2023,4,28,4,2
558,Hyundai,2017,72056,electric,automatic,1.31,excellent,51022.76,2023-06-27 23:54:14.054054,2023,6,27,1,2
559,Mercedes,2020,116791,diesel,manual,3.7,fair,51855.14,2022-11-15 04:09:22.162162,2022,11,15,1,4
560,Bmw,2012,140984,hybrid,automatic,2.52,poor,31829.04,2020-12-11 11:01:37.297297,2020,12,11,4,4
561,Toyota,2006,200687,hybrid,automatic,3.22,good,37638.85,2020-08-14 15:36:56.216216,2020,8,14,4,3
562,Chevrolet,2015,151660,petrol,automatic,1.37,good,35232.7,2020-09-29 08:18:44.324324,2020,9,29,1,3
563,Chevrolet,2016,209074,hybrid,manual,2.7,poor,15246.39,2021-07-26 02:38:33.513513,2021,7,26,0,3
564,Honda,2010,246625,diesel,automatic,2.67,excellent,35080.8,2022-11-06 00:49:00.540540,2022,11,6,6,4
565,Honda,2021,254688,hybrid,automatic,1.55,poor,19566.81,2021-09-15 06:56:34.594594,2021,9,15,2,3
566,Kia,2014,500000,petrol,manual,3.91,excellent,32325.05,2021-07-09 15:49:54.594594,2021,7,9,4,3
567,Toyota,2015,281133,hybrid,automatic,3.77,fair,27029.38,2023-06-17 00:41:48.108108,2023,6,17,5,2
568,Kia,2009,186064,hybrid,automatic,4.49,excellent,31737.73,2023-05-29 18:01:04.864864,2023,5,29,0,2
569,Honda,2007,141511,petrol,manual,4.45,excellent,38077.07,2024-03-09 21:24:19.459459,2024,3,9,5,1
570,Honda,2021,58400,diesel,manual,3.37,poor,33444.69,2023-11-30 08:40:21.621621,2023,11,30,3,4
571,Kia,2015,124234,electric,automatic,3.96,fair,33477.35,2020-04-06 20:59:49.189189,2020,4,6,0,2
572,Toyota,2020,61375,diesel,automatic,3.97,poor,28443.05,2022-03-20 17:27:55.675675,2022,3,20,6,1
573,Mercedes,2011,158043,diesel,manual,3.47,excellent,75000.0,2023-01-23 15:08:06.486486,2023,1,23,0,1
574,Hyundai,2024,90885,electric,manual,1.28,poor,28113.81,2024-12-18 04:55:29.729729,2024,12,18,2,4
575,Toyota,2017,140336,electric,manual,2.83,poor,23078.88,2021-04-25 17:14:57.297297,2021,4,25,6,2
576,Kia,2014,55755,electric,manual,3.38,good,38609.79,2020-04-05 01:07:44.864864,2020,4,5,6,2
577,Kia,2014,222812,diesel,manual,4.11,good,34035.66,2022-11-09 16:33:09.189189,2022,11,9,2,4
578,Kia,2024,42325,electric,automatic,4.13,excellent,74086.73,2023-02-05 10:12:36.756756,2023,2,5,6,1
579,Toyota,2009,139970,petrol,automatic,3.47,poor,24709.92,2020-01-08 07:28:17.297297,2020,1,8,2,1
580,Kia,2005,133041,hybrid,automatic,3.15,good,22379.98,2020-07-05 10:31:21.081081,2020,7,5,6,3
581,Mercedes,2006,244372,hybrid,automatic,3.03,fair,27489.9,2020-12-22 10:14:03.243243,2020,12,22,1,4
582,Mercedes,2017,297714,diesel,automatic,1.9,excellent,51835.53,2023-11-13 21:51:42.702702,2023,11,13,0,4
583,Honda,2019,129028,electric,automatic,1.14,fair,41900.32,2024-05-20 04:15:08.108108,2024,5,20,0,2
584,Hyundai,2008,143772,diesel,automatic,3.92,good,34291.58,2024-12-16 09:03:25.405405,2024,12,16,0,4
585,Mercedes,2007,131599,hybrid,automatic,2.93,poor,20487.42,2024-06-01 23:19:38.378378,2024,6,1,5,2
586,Bmw,2018,196427,electric,automatic,1.14,poor,36099.86,2021-09-29 21:53:09.189189,2021,9,29,2,3
587,Kia,2019,266267,hybrid,automatic,3.3,fair,30665.24,2020-03-25 01:55:18.918918,2020,3,25,2,1
588,Honda,2007,113379,electric,automatic,1.94,excellent,52560.07,2024-05-01 21:34:24.864864,2024,5,1,2,2
589,Kia,2015,5756,hybrid,manual,2.41,excellent,57321.47,2024-02-11 11:23:14.594594,2024,2,11,6,1
590,Bmw,1990,292243,diesel,manual,1.75,poor,4941.28,2024-09-05 00:27:23.243243,2024,9,5,3,3
591,Chevrolet,2014,259769,electric,manual,3.57,poor,19937.43,2024-02-05 23:47:01.621621,2024,2,5,0,1
592,Kia,2021,215262,diesel,manual,3.13,fair,32336.66,2023-04-12 05:27:12.432432,2023,4,12,2,2
593,Bmw,2017,225291,diesel,automatic,1.04,good,35615.51,2021-05-04 20:35:18.918918,2021,5,4,1,2
594,Bmw,2007,88464,petrol,manual,1.91,poor,20088.87,2021-11-05 11:14:35.675675,2021,11,5,4,4
595,Honda,2012,200846,hybrid,automatic,3.63,fair,32793.8,2023-03-06 16:05:45.945945,2023,3,6,0,1
596,Chevrolet,2019,124897,diesel,manual,1.26,excellent,48428.88,2020-07-10 22:07:34.054054,2020,7,10,4,3
597,Hyundai,2018,68043,hybrid,manual,1.14,fair,37790.05,2023-05-07 19:36:12.972972,2023,5,7,6,2
598,Toyota,2013,181636,petrol,automatic,4.73,poor,21490.08,2023-04-17 17:03:25.405405,2023,4,17,0,2
599,Kia,2010,124373,hybrid,manual,1.39,good,31200.29,2023-04-14 01:19:16.756756,2023,4,14,4,2
600,Kia,2023,261499,electric,manual,4.3,poor,20561.3,2020-08-05 12:16:34.594594,2020,8,5,2,3
601,Bmw,2012,28980,petrol,manual,1.52,excellent,68168.26,2024-02-26 02:19:49.189189,2024,2,26,0,1
602,Chevrolet,2009,95169,electric,automatic,1.74,poor,20749.11,2023-12-07 16:08:38.918918,2023,12,7,3,4
603,Bmw,2024,274053,electric,manual,4.78,fair,50797.02,2023-01-07 04:19:27.567567,2023,1,7,5,1
604,Hyundai,2005,107071,diesel,automatic,2.91,good,25128.09,2020-04-14 04:28:06.486486,2020,4,14,1,2
605,Chevrolet,2007,44429,hybrid,automatic,1.87,good,33065.08,2024-10-02 10:28:28.108108,2024,10,2,2,4
606,Mercedes,2011,74477,diesel,manual,2.54,excellent,55153.52,2021-09-22 14:24:51.891891,2021,9,22,2,3
607,Toyota,2009,258662,petrol,manual,3.1,fair,25517.55,2023-09-14 14:13:19.999999,2023,9,14,3,3
608,Honda,2008,219510,diesel,manual,3.99,poor,12438.05,2022-05-14 13:30:05.405405,2022,5,14,5,2
609,Mercedes,2006,48095,hybrid,manual,2.01,fair,36483.67,2020-07-31 00:40:21.621621,2020,7,31,4,3
610,Toyota,2012,195814,hybrid,automatic,1.87,excellent,43916.85,2024-02-24 06:27:44.864864,2024,2,24,5,1
611,Hyundai,2019,270015,diesel,manual,2.43,fair,20199.58,2023-12-14 23:36:56.216216,2023,12,14,3,4
612,Kia,2023,256306,diesel,automatic,3.99,excellent,38248.04,2020-08-18 07:21:04.864864,2020,8,18,1,3
613,Bmw,2019,40802,petrol,manual,4.22,good,59040.67,2021-12-17 12:12:15.135135,2021,12,17,4,4
614,Honda,2013,259269,electric,manual,4.68,poor,21765.02,2024-07-15 20:09:22.162162,2024,7,15,0,3
615,Kia,2014,9949,hybrid,manual,3.99,excellent,60865.13,2023-03-15 19:26:07.567567,2023,3,15,2,1
616,Hyundai,2008,6085,petrol,manual,2.22,good,38823.86,2020-04-14 04:28:06.486486,2020,4,14,1,2
617,Honda,2019,56493,petrol,automatic,2.98,excellent,60888.02,2023-03-03 00:21:37.297297,2023,3,3,4,1
618,Toyota,2016,241746,petrol,automatic,4.41,excellent,38171.63,2022-07-24 20:20:54.054054,2022,7,24,6,3
619,Chevrolet,2013,145759,diesel,manual,4.95,fair,21095.06,2023-10-02 20:54:03.243243,2023,10,2,0,4
620,Toyota,2011,76106,hybrid,automatic,2.72,fair,35898.47,2024-01-04 02:09:43.783783,2024,1,4,3,1
621,Kia,2018,22807,hybrid,automatic,4.05,excellent,55924.98,2020-06-22 15:26:50.810810,2020,6,22,0,2
622,Chevrolet,2013,136719,petrol,manual,2.43,poor,14781.94,2023-03-10 07:49:54.594594,2023,3,10,4,1
623,Toyota,2012,108340,petrol,manual,1.53,good,35879.43,2020-08-01 20:32:25.945945,2020,8,1,5,3
624,Kia,2024,43652,hybrid,automatic,4.1,fair,50859.08,2022-10-18 18:08:17.297297,2022,10,18,1,4
625,Kia,2020,163673,electric,automatic,3.56,good,48916.59,2023-01-01 16:43:14.594594,2023,1,1,6,1
626,Hyundai,2020,290015,petrol,manual,2.44,fair,22635.32,2022-06-09 03:39:05.945945,2022,6,9,3,2
627,Kia,2012,99075,hybrid,automatic,3.87,poor,19250.17,2021-03-07 08:49:00.540540,2021,3,7,6,1
628,Honda,2017,17714,petrol,automatic,3.25,good,44961.81,2024-06-03 19:11:42.702702,2024,6,3,0,2
629,Kia,2015,9187,electric,manual,3.76,poor,24913.37,2024-06-25 17:36:34.594594,2024,6,25,1,2
630,Kia,2023,127898,petrol,automatic,1.4,excellent,56568.54,2021-05-10 08:11:31.891891,2021,5,10,0,2
631,Hyundai,2018,6631,hybrid,automatic,1.98,poor,29188.32,2020-12-09 15:09:32.972972,2020,12,9,2,4
632,Chevrolet,2008,270987,electric,manual,2.54,excellent,19869.82,2024-12-29 04:07:55.675675,2024,12,29,6,4
633,Kia,2023,9170,hybrid,automatic,3.36,fair,48105.53,2023-07-08 23:06:39.999999,2023,7,8,5,3
634,Honda,2014,292056,hybrid,automatic,2.93,poor,16562.07,2022-03-26 05:04:08.648648,2022,3,26,5,1
635,Mercedes,2010,274989,diesel,automatic,2.73,good,26270.57,2022-11-26 03:21:48.108108,2022,11,26,5,4
636,Kia,2011,209629,diesel,automatic,4.62,poor,19824.81,2023-12-13 03:44:51.891891,2023,12,13,2,4
637,Honda,2013,26211,petrol,automatic,1.4,fair,37112.66,2024-04-20 22:21:58.918918,2024,4,20,5,2
638,Bmw,2024,29738,hybrid,automatic,4.19,poor,52385.11,2021-03-25 15:29:43.783783,2021,3,25,3,1
639,Kia,2008,21654,diesel,manual,4.26,excellent,37560.65,2024-10-24 08:53:20.000000,2024,10,24,3,4
640,Mercedes,2016,222598,diesel,automatic,2.88,good,39981.72,2020-05-17 02:05:24.324324,2020,5,17,6,2
641,Toyota,2021,81930,hybrid,automatic,2.43,good,62522.43,2020-10-06 15:47:01.621621,2020,10,6,1,4
642,Chevrolet,2008,170053,hybrid,automatic,2.46,poor,14211.9,2023-04-12 05:27:12.432432,2023,4,12,2,2
643,Honda,2023,45240,electric,automatic,3.92,good,75000.0,2022-03-04 06:39:16.756756,2022,3,4,4,1
644,Honda,2006,248486,hybrid,manual,4.61,fair,14248.77,2024-12-25 12:23:47.027027,2024,12,25,2,4
645,Bmw,2019,199975,diesel,automatic,3.37,poor,27744.77,2020-06-04 08:46:07.567567,2020,6,4,3,2
646,Bmw,2011,15821,electric,automatic,3.83,poor,40639.25,2023-06-26 04:02:09.729729,2023,6,26,0,2
647,Honda,2016,226313,petrol,automatic,2.19,good,39760.71,2021-06-03 02:28:28.108108,2021,6,3,3,2
648,Kia,2020,160720,petrol,automatic,2.13,excellent,48006.68,2024-11-13 11:26:07.567567,2024,11,13,2,4
649,Hyundai,2014,213697,diesel,manual,3.85,good,38052.99,2021-02-04 07:03:47.027027,2021,2,4,3,1
650,Chevrolet,2009,217929,petrol,manual,2.15,poor,10610.53,2020-05-04 07:00:54.054054,2020,5,4,0,2
651,Mercedes,2018,76556,petrol,manual,4.02,fair,44591.81,2020-03-25 01:55:18.918918,2020,3,25,2,1
652,Toyota,2012,115270,diesel,automatic,2.4,excellent,57933.79,2020-06-18 23:42:42.162162,2020,6,18,3,2
653,Hyundai,2018,132796,diesel,automatic,1.7,poor,23710.96,2023-10-01 01:01:58.918918,2023,10,1,6,4
654,Toyota,2014,138689,electric,automatic,3.37,poor,27773.01,2024-10-15 05:32:58.378378,2024,10,15,1,4
655,Bmw,2006,174666,hybrid,manual,4.67,fair,28186.03,2022-04-06 04:16:34.594594,2022,4,6,2,2
656,Kia,2022,67494,diesel,automatic,4.63,poor,29185.73,2021-01-06 01:10:37.837837,2021,1,6,2,1
657,Hyundai,2014,182777,electric,automatic,3.94,excellent,41696.09,2024-07-23 03:37:39.459459,2024,7,23,1,3
658,Bmw,2018,117917,petrol,manual,3.9,excellent,67768.74,2021-01-31 15:19:38.378378,2021,1,31,6,1
659,Kia,2008,54564,diesel,manual,4.99,fair,32173.21,2022-05-14 13:30:05.405405,2022,5,14,5,2
660,Kia,2019,235613,petrol,manual,2.72,good,28142.43,2022-02-26 19:03:03.783783,2022,2,26,5,1
661,Honda,2024,215394,hybrid,automatic,2.44,good,51501.56,2021-09-13 11:04:30.270270,2021,9,13,0,3
662,Honda,2010,223925,petrol,automatic,1.78,good,19735.92,2022-10-02 07:19:38.378378,2022,10,2,6,4
663,Toyota,2011,220606,hybrid,manual,1.07,poor,17296.11,2023-01-21 19:16:02.162162,2023,1,21,5,1
664,Toyota,2017,244304,diesel,automatic,3.04,fair,36807.18,2021-06-10 09:56:45.405405,2021,6,10,3,2
665,Honda,2013,263462,petrol,manual,3.83,excellent,25244.1,2021-04-07 10:34:14.054054,2021,4,7,2,2
666,Honda,2015,267016,electric,manual,2.53,poor,18912.32,2023-09-01 19:08:49.729729,2023,9,1,4,3
667,Hyundai,2014,134945,hybrid,automatic,1.69,good,38820.3,2021-10-12 16:57:39.459459,2021,10,12,1,4
668,Bmw,2006,39513,petrol,automatic,3.91,good,45299.18,2020-02-10 05:05:35.135135,2020,2,10,0,1
669,Bmw,2018,191838,diesel,automatic,3.32,poor,26610.28,2023-10-22 23:26:50.810810,2023,10,22,6,4
670,Bmw,2013,170384,diesel,automatic,1.76,poor,23148.47,2022-08-10 07:09:32.972972,2022,8,10,2,3
671,Toyota,2023,169287,electric,manual,1.94,poor,31893.23,2023-10-15 15:58:33.513513,2023,10,15,6,4
672,Hyundai,2023,183636,hybrid,automatic,2.56,good,54860.42,2024-03-08 01:32:15.135135,2024,3,8,4,1
673,Chevrolet,2023,161551,electric,automatic,4.16,good,54268.3,2020-06-29 22:55:08.108108,2020,6,29,0,2
674,Mercedes,2012,278878,diesel,manual,3.51,excellent,34954.08,2024-01-04 02:09:43.783783,2024,1,4,3,1
675,Bmw,2009,38381,electric,manual,4.67,poor,28534.29,2020-11-23 04:20:54.054054,2020,11,23,0,4
676,Chevrolet,2011,190700,petrol,manual,3.08,excellent,35495.55,2021-02-09 18:39:59.999999,2021,2,9,1,1
677,Toyota,2021,282834,electric,manual,3.11,excellent,62967.81,2024-07-12 04:25:13.513513,2024,7,12,4,3
678,Toyota,2017,51585,diesel,automatic,1.22,good,53710.83,2023-10-22 23:26:50.810810,2023,10,22,6,4
679,Toyota,2009,226849,electric,automatic,3.13,excellent,32212.26,2023-04-17 17:03:25.405405,2023,4,17,0,2
680,Kia,2016,183686,hybrid,manual,3.8,fair,26932.76,2022-03-17 01:43:47.027027,2022,3,17,3,1
681,Bmw,2012,157466,hybrid,manual,2.49,excellent,52110.79,2023-01-14 11:47:44.864864,2023,1,14,5,1
682,Hyundai,2017,238411,electric,manual,1.12,good,36265.6,2023-11-04 18:31:21.081081,2023,11,4,5,4
683,Honda,2013,141661,electric,automatic,1.28,poor,20771.85,2021-08-15 05:11:21.081081,2021,8,15,6,3
684,Honda,2023,16916,hybrid,manual,3.34,excellent,75000.0,2022-07-30 07:57:07.027027,2022,7,30,5,3
685,Toyota,2013,13361,electric,manual,1.81,poor,30155.24,2020-01-28 10:01:04.864864,2020,1,28,1,1
686,Toyota,2010,125699,electric,automatic,3.27,good,46719.68,2023-12-16 19:29:00.540540,2023,12,16,5,4
687,Honda,2010,87659,diesel,manual,3.59,poor,22529.34,2021-09-04 07:44:08.648648,2021,9,4,5,3
688,Mercedes,2017,236329,petrol,manual,3.93,excellent,67578.46,2023-10-17 11:50:37.837837,2023,10,17,1,4
689,Hyundai,2022,23471,hybrid,automatic,2.63,good,66472.57,2021-04-14 18:02:31.351351,2021,4,14,2,2
690,Mercedes,2015,84701,petrol,manual,3.45,poor,30916.58,2022-06-25 14:27:44.864864,2022,6,25,5,2
691,Kia,2020,265283,diesel,automatic,3.03,good,37403.91,2024-12-09 01:35:08.108108,2024,12,9,0,4
692,Toyota,2010,70476,hybrid,manual,3.74,good,36778.9,2024-06-23 21:44:30.270270,2024,6,23,6,2
693,Chevrolet,2010,0,electric,automatic,3.32,excellent,46316.76,2020-10-17 14:59:27.567567,2020,10,17,5,4
694,Mercedes,2005,299436,electric,automatic,3.71,fair,11595.76,2022-05-16 09:22:09.729729,2022,5,16,0,2
695,Hyundai,2009,128627,hybrid,manual,2.98,excellent,43506.86,2024-04-04 11:33:19.999999,2024,4,4,3,2
696,Toyota,2005,227194,diesel,manual,4.15,excellent,36561.34,2023-04-26 20:23:47.027027,2023,4,26,2,2
697,Mercedes,2005,239836,petrol,automatic,2.78,fair,12679.14,2024-07-15 20:09:22.162162,2024,7,15,0,3
698,Toyota,2011,142091,petrol,manual,4.56,fair,32033.21,2023-06-13 08:57:39.459459,2023,6,13,1,2
699,Bmw,2020,264686,electric,manual,2.75,poor,25221.93,2023-05-16 22:56:34.594594,2023,5,16,1,2
700,Mercedes,2016,45316,diesel,automatic,4.97,good,70213.4,2021-11-23 17:55:18.918918,2021,11,23,1,4
701,Chevrolet,2009,115373,petrol,manual,2.55,excellent,35089.4,2022-09-21 08:07:12.432432,2022,9,21,2,3
702,Honda,2018,39517,diesel,manual,2.91,excellent,55627.62,2024-08-23 05:22:52.972972,2024,8,23,4,3
703,Chevrolet,2024,89689,diesel,manual,1.08,good,36149.7,2024-10-13 09:40:54.054054,2024,10,13,6,4
704,Bmw,2022,204138,hybrid,automatic,1.48,poor,35427.59,2023-06-15 04:49:43.783783,2023,6,15,3,2
705,Toyota,2016,207003,diesel,manual,1.53,excellent,41542.27,2022-02-17 15:42:42.162162,2022,2,17,3,1
706,Chevrolet,2018,41974,petrol,automatic,3.56,poor,23181.31,2023-01-23 15:08:06.486486,2023,1,23,0,1
707,Mercedes,2017,275125,electric,manual,4.57,excellent,63151.73,2021-05-03 00:43:14.594594,2021,5,3,0,2
708,Mercedes,2022,149108,electric,manual,4.87,excellent,75000.0,2024-03-04 09:48:06.486486,2024,3,4,0,1
709,Mercedes,2015,283655,petrol,automatic,2.06,fair,51260.32,2022-11-18 19:53:30.810810,2022,11,18,4,4
710,Hyundai,2007,121563,petrol,automatic,1.33,excellent,21770.97,2022-01-30 09:01:58.918918,2022,1,30,6,1
711,Honda,2015,18209,petrol,manual,3.97,poor,28845.0,2020-11-01 05:56:02.162162,2020,11,1,6,4
712,Bmw,2010,113828,hybrid,manual,2.72,poor,19621.22,2024-03-17 04:52:36.756756,2024,3,17,6,1
713,Mercedes,2010,244962,diesel,manual,1.72,good,40460.71,2020-03-17 18:27:01.621621,2020,3,17,1,1
714,Hyundai,2005,60678,diesel,automatic,3.99,fair,27743.63,2022-10-11 10:40:00.000000,2022,10,11,1,4
715,Hyundai,2008,42179,petrol,automatic,1.91,good,37763.33,2021-06-03 02:28:28.108108,2021,6,3,3,2
716,Mercedes,2021,176202,petrol,manual,4.59,poor,40178.32,2021-12-24 19:40:32.432432,2021,12,24,4,4
717,Toyota,2020,166714,diesel,manual,4.66,poor,22059.29,2020-01-21 02:32:47.567567,2020,1,21,1,1
718,Kia,2013,115359,petrol,automatic,1.69,good,30644.54,2023-01-12 15:55:40.540540,2023,1,12,3,1
719,Toyota,2018,23123,electric,manual,1.95,fair,39420.01,2021-07-04 04:13:41.621621,2021,7,4,6,3
720,Bmw,2020,291387,electric,manual,3.56,excellent,70009.05,2024-06-27 13:28:38.918918,2024,6,27,3,2
721,Toyota,2021,274319,hybrid,automatic,2.08,excellent,48891.55,2021-04-05 14:42:09.729729,2021,4,5,0,2
722,Mercedes,2007,69752,diesel,automatic,3.02,good,42104.33,2022-06-29 06:11:53.513513,2022,6,29,2,2
723,Kia,2021,174470,electric,manual,2.31,fair,33093.87,2023-10-08 08:30:16.216216,2023,10,8,6,4
724,Mercedes,2012,203885,diesel,manual,3.17,fair,31868.4,2020-03-03 03:30:27.027027,2020,3,3,1,1
725,Toyota,2020,154177,hybrid,manual,4.61,good,45389.84,2023-08-20 00:04:19.459459,2023,8,20,6,3
726,Hyundai,2023,266593,hybrid,automatic,2.03,good,33413.54,2024-03-29 23:57:07.027027,2024,3,29,4,1
727,Bmw,2017,156494,hybrid,automatic,4.13,excellent,65928.11,2020-06-11 16:14:24.864864,2020,6,11,3,2
728,Bmw,2024,22953,hybrid,manual,2.17,excellent,75000.0,2023-11-17 13:35:51.351351,2023,11,17,4,4
729,Kia,2007,153600,diesel,automatic,3.01,fair,15821.51,2023-01-09 00:11:31.891891,2023,1,9,0,1
730,Honda,2014,97278,hybrid,automatic,2.22,fair,40443.19,2024-08-10 10:18:22.702702,2024,8,10,5,3
731,Chevrolet,2012,46126,hybrid,automatic,1.09,fair,30878.39,2024-11-06 03:57:50.270270,2024,11,6,2,4
732,Mercedes,2012,190052,electric,automatic,3.81,poor,35583.09,2023-01-03 12:35:18.918918,2023,1,3,1,1
733,Toyota,2012,158043,electric,automatic,1.89,excellent,22986.54,2022-02-01 04:54:03.243243,2022,2,1,1,1
734,Mercedes,2015,238939,diesel,automatic,4.61,poor,28394.59,2020-07-27 08:56:12.972972,2020,7,27,0,3
735,Honda,2005,102463,electric,manual,3.27,good,31426.27,2023-01-30 22:36:23.783783,2023,1,30,0,1
736,Honda,2007,102966,diesel,manual,4.16,fair,32456.58,2024-07-06 16:49:00.540540,2024,7,6,5,3
737,Mercedes,2011,181504,electric,manual,2.54,fair,30304.23,2020-12-22 10:14:03.243243,2020,12,22,1,4
738,Chevrolet,2019,297118,hybrid,automatic,3.15,excellent,42165.03,2024-02-16 22:59:27.567567,2024,2,16,4,1
739,Chevrolet,2019,61697,petrol,manual,4.82,good,39040.92,2022-07-02 21:56:02.162162,2022,7,2,5,3
740,Toyota,2019,239730,petrol,automatic,4.58,good,43186.98,2023-02-16 09:25:02.702702,2023,2,16,3,1
741,Kia,2010,199179,diesel,automatic,2.96,fair,26095.62,2022-06-18 06:59:27.567567,2022,6,18,5,2
742,Hyundai,2006,243294,petrol,manual,3.86,fair,17592.82,2020-05-15 06:13:19.999999,2020,5,15,4,2
743,Honda,2009,151673,hybrid,manual,1.38,poor,14314.55,2022-01-23 01:33:41.621621,2022,1,23,6,1
744,Kia,2021,249914,electric,automatic,2.74,fair,25013.05,2021-11-16 10:27:01.621621,2021,11,16,1,4
745,Kia,2023,37345,hybrid,automatic,3.22,good,51139.54,2022-02-04 20:38:11.891891,2022,2,4,4,1
746,Honda,2019,277491,hybrid,manual,2.82,excellent,44983.63,2023-08-23 15:48:28.108108,2023,8,23,2,3
747,Hyundai,2012,271172,petrol,automatic,3.44,good,34287.97,2021-05-19 11:31:53.513513,2021,5,19,2,2
748,Hyundai,2015,169959,electric,automatic,1.26,excellent,40704.89,2023-10-21 03:34:46.486486,2023,10,21,5,4
749,Chevrolet,2017,133879,hybrid,manual,1.72,poor,19120.29,2023-05-18 18:48:38.918918,2023,5,18,3,2
750,Bmw,2023,229371,diesel,automatic,4.58,fair,46443.99,2021-12-19 08:04:19.459459,2021,12,19,6,4
751,Chevrolet,2018,281262,diesel,manual,2.35,excellent,31592.03,2024-05-05 13:18:33.513513,2024,5,5,6,2
752,Mercedes,2023,213979,petrol,automatic,2.49,fair,45963.25,2022-04-13 11:44:51.891891,2022,4,13,2,2
753,Chevrolet,2009,212325,diesel,automatic,2.08,good,21821.75,2024-08-06 18:34:14.054054,2024,8,6,1,3
754,Chevrolet,2012,258057,petrol,automatic,3.03,good,23172.3,2020-12-15 02:45:45.945945,2020,12,15,1,4
755,Mercedes,2021,271202,diesel,manual,1.86,excellent,44780.71,2023-09-10 22:29:11.351351,2023,9,10,6,3
756,Bmw,2010,250512,diesel,manual,4.57,good,40770.08,2023-06-11 13:05:35.135135,2023,6,11,6,2
757,Chevrolet,2017,138991,diesel,manual,3.21,good,29737.35,2020-06-28 03:03:03.783783,2020,6,28,6,2
758,Hyundai,2020,216445,diesel,manual,1.7,excellent,32334.87,2022-09-26 19:43:25.405405,2022,9,26,0,3
759,Bmw,2018,238879,hybrid,manual,4.87,excellent,55047.56,2024-11-20 18:54:24.864864,2024,11,20,2,4
760,Toyota,2011,114533,electric,automatic,1.57,fair,31321.82,2024-12-29 04:07:55.675675,2024,12,29,6,4
761,Hyundai,2013,33325,electric,manual,4.45,fair,31518.87,2020-06-22 15:26:50.810810,2020,6,22,0,2
762,Toyota,2006,127699,electric,manual,3.26,good,40725.8,2023-04-26 20:23:47.027027,2023,4,26,2,2
763,Hyundai,2020,178644,diesel,manual,2.9,good,31403.78,2023-04-25 00:31:42.702702,2023,4,25,1,2
764,Toyota,2023,194048,electric,manual,1.03,fair,46539.96,2020-12-11 11:01:37.297297,2020,12,11,4,4
765,Mercedes,2019,141146,petrol,automatic,1.5,good,63885.86,2023-09-05 10:52:58.378378,2023,9,5,1,3
766,Bmw,2018,271650,diesel,automatic,2.32,fair,38177.21,2020-03-06 19:14:35.675675,2020,3,6,4,1
767,Honda,2013,283804,diesel,manual,1.4,excellent,33872.89,2023-11-24 21:04:08.648648,2023,11,24,4,4
768,Chevrolet,2019,148825,petrol,manual,2.06,poor,16517.9,2021-11-03 15:22:31.351351,2021,11,3,2,4
769,Chevrolet,2023,40138,petrol,automatic,3.6,fair,34843.79,2023-06-22 12:18:01.081081,2023,6,22,3,2
770,Chevrolet,2016,231603,diesel,automatic,3.22,poor,13385.44,2022-08-15 18:45:45.945945,2022,8,15,0,3
771,Toyota,2007,220249,electric,manual,1.31,fair,27381.04,2021-05-23 03:16:02.162162,2021,5,23,6,2
772,Hyundai,2019,62771,diesel,automatic,1.29,poor,21763.18,2021-01-29 19:27:34.054054,2021,1,29,4,1
773,Toyota,2015,19260,diesel,manual,3.3,fair,42838.88,2024-05-01 21:34:24.864864,2024,5,1,2,2
774,Bmw,2009,180718,electric,manual,2.54,poor,26803.36,2024-05-12 20:46:50.810810,2024,5,12,6,2
775,Honda,2019,254168,petrol,automatic,4.79,poor,18122.61,2023-12-27 18:41:26.486486,2023,12,27,2,4
776,Chevrolet,2005,99179,electric,manual,4.43,poor,12363.59,2021-05-12 04:03:36.216216,2021,5,12,2,2
777,Mercedes,2020,105017,diesel,manual,2.48,poor,32923.22,2024-05-27 11:43:25.405405,2024,5,27,0,2
778,Kia,2010,74344,petrol,manual,1.91,good,32318.61,2020-04-21 11:56:23.783783,2020,4,21,1,2
779,Mercedes,2018,206593,diesel,manual,3.37,fair,39155.63,2022-12-23 13:22:52.972972,2022,12,23,4,4
780,Chevrolet,2013,170110,electric,manual,2.97,excellent,46824.07,2024-05-25 15:51:21.081081,2024,5,25,5,2
781,Toyota,2024,80077,electric,manual,1.08,good,64735.95,2023-08-23 15:48:28.108108,2023,8,23,2,3
782,Kia,2009,125211,electric,automatic,1.23,poor,15553.25,2021-09-15 06:56:34.594594,2021,9,15,2,3
783,Honda,2016,211584,electric,manual,3.39,fair,28170.01,2021-12-24 19:40:32.432432,2021,12,24,4,4
784,Bmw,2013,93361,electric,automatic,2.2,fair,48095.93,2023-06-29 19:46:18.378378,2023,6,29,3,2
785,Honda,2013,54586,hybrid,manual,2.54,fair,36590.91,2020-02-02 21:37:17.837837,2020,2,2,6,1
786,Bmw,2014,299136,petrol,automatic,4.62,fair,32454.26,2020-11-17 16:44:41.081081,2020,11,17,1,4
787,Chevrolet,2022,267671,hybrid,automatic,2.74,fair,33830.15,2023-01-21 19:16:02.162162,2023,1,21,5,1
788,Toyota,2016,169408,electric,automatic,3.9,fair,43241.2,2021-12-22 23:48:28.108108,2021,12,22,2,4
789,Bmw,2013,170323,petrol,automatic,3.47,fair,37500.11,2022-03-22 13:19:59.999999,2022,3,22,1,1
790,Bmw,2008,38172,hybrid,automatic,3.86,fair,51321.95,2021-02-28 01:20:43.243243,2021,2,28,6,1
791,Honda,2024,122155,electric,automatic,4.82,excellent,75000.0,2024-07-28 15:13:52.432432,2024,7,28,6,3
792,Bmw,2008,249983,petrol,manual,1.5,good,23874.05,2020-05-17 02:05:24.324324,2020,5,17,6,2
793,Bmw,2016,224804,diesel,automatic,1.48,excellent,45036.66,2021-04-27 13:07:01.621621,2021,4,27,1,2
794,Chevrolet,2019,122108,electric,manual,2.4,excellent,47059.17,2022-04-09 20:00:43.243243,2022,4,9,5,2
795,Kia,2015,238950,hybrid,manual,2.37,excellent,43354.0,2023-12-24 02:57:17.837837,2023,12,24,6,4
796,Toyota,2005,146000,petrol,manual,1.74,good,24442.56,2023-08-03 13:15:40.540540,2023,8,3,3,3
797,Toyota,2012,171389,electric,manual,3.91,excellent,45954.44,2023-09-03 15:00:54.054054,2023,9,3,6,3
798,Honda,2012,26092,diesel,manual,4.51,good,54580.02,2021-12-01 01:23:36.216216,2021,12,1,2,4
799,Toyota,2018,280657,hybrid,manual,1.64,poor,22265.45,2022-10-26 01:36:34.594594,2022,10,26,2,4
800,Hyundai,2007,205817,electric,automatic,1.44,excellent,37235.79,2024-04-02 15:41:15.675675,2024,4,2,1,2
801,Bmw,2005,100956,hybrid,manual,4.84,fair,38443.14,2022-07-12 01:16:23.783783,2022,7,12,1,3
802,Hyundai,2015,75832,hybrid,automatic,4.49,good,55195.68,2021-10-30 23:38:22.702702,2021,10,30,5,4
803,Kia,2018,219326,diesel,automatic,3.02,poor,17461.85,2020-09-18 09:06:18.378378,2020,9,18,4,3
804,Bmw,2008,145961,diesel,automatic,2.98,fair,32147.43,2024-06-03 19:11:42.702702,2024,6,3,0,2
805,Toyota,2009,272889,electric,manual,2.89,good,23205.45,2020-05-04 07:00:54.054054,2020,5,4,0,2
806,Hyundai,2012,100865,hybrid,automatic,1.69,good,33179.6,2020-06-28 03:03:03.783783,2020,6,28,6,2
807,Honda,2016,194312,petrol,manual,2.55,poor,18463.27,2021-12-22 23:48:28.108108,2021,12,22,2,4
808,Hyundai,2007,164725,electric,manual,4.19,fair,27097.63,2020-02-13 20:49:43.783783,2020,2,13,3,1
809,Honda,2024,188075,diesel,automatic,4.68,fair,34644.53,2024-09-26 22:52:15.135135,2024,9,26,3,3
810,Mercedes,2018,188843,diesel,automatic,1.72,good,46067.67,2024-06-14 18:24:08.648648,2024,6,14,4,2
811,Chevrolet,2005,14776,hybrid,manual,1.05,excellent,34545.44,2022-05-05 10:09:43.783783,2022,5,5,3,2
812,Honda,2024,127281,electric,manual,3.64,poor,28935.52,2022-06-01 20:10:48.648648,2022,6,1,2,2
813,Hyundai,2012,67050,diesel,automatic,3.31,good,42355.37,2022-10-27 21:28:38.918918,2022,10,27,3,4
814,Chevrolet,2023,100816,hybrid,manual,1.55,good,38063.27,2020-10-01 04:10:48.648648,2020,10,1,3,4
815,Toyota,2005,199172,electric,automatic,3.93,poor,11717.81,2020-09-18 09:06:18.378378,2020,9,18,4,3
816,Bmw,2013,242782,electric,manual,1.6,poor,18416.3,2022-11-04 04:56:56.216216,2022,11,4,4,4
817,Hyundai,2020,208374,hybrid,automatic,3.89,good,36064.18,2020-03-10 10:58:44.324324,2020,3,10,1,1
818,Hyundai,2007,163506,electric,automatic,2.8,excellent,27020.48,2020-07-16 09:43:47.027027,2020,7,16,3,3
819,Kia,2024,115414,electric,automatic,2.35,fair,39143.12,2023-06-18 20:33:52.432432,2023,6,18,6,2
820,Bmw,2018,289860,diesel,manual,2.01,poor,21456.77,2020-03-15 22:34:57.297297,2020,3,15,6,1
821,Toyota,2009,178864,petrol,manual,2.29,fair,16294.36,2020-12-04 03:33:19.999999,2020,12,4,4,4
822,Toyota,2013,226358,diesel,automatic,2.01,excellent,29088.15,2024-09-03 04:35:18.918918,2024,9,3,1,3
823,Hyundai,2014,88002,hybrid,manual,1.62,good,37371.7,2021-12-26 15:32:36.756756,2021,12,26,6,4
824,Bmw,2011,223873,diesel,manual,2.62,good,28189.38,2021-02-09 18:39:59.999999,2021,2,9,1,1
825,Bmw,2005,60600,petrol,manual,2.47,excellent,60164.29,2023-03-03 00:21:37.297297,2023,3,3,4,1
826,Hyundai,2021,122122,petrol,manual,1.97,good,46514.52,2020-08-29 06:33:30.810810,2020,8,29,5,3
827,Bmw,2010,42017,diesel,automatic,4.17,poor,30459.61,2020-10-23 02:35:40.540540,2020,10,23,4,4
828,Bmw,2007,12121,diesel,automatic,2.64,good,45082.33,2021-01-26 03:43:25.405405,2021,1,26,1,1
829,Toyota,2011,171256,hybrid,manual,4.76,poor,21668.47,2023-08-30 23:16:45.405405,2023,8,30,2,3
830,Bmw,2021,232606,petrol,manual,2.03,excellent,58701.23,2021-03-03 17:04:51.891891,2021,3,3,2,1
831,Toyota,2010,106323,petrol,manual,1.9,excellent,44707.7,2024-03-19 00:44:41.081081,2024,3,19,1,1
832,Chevrolet,2009,158043,hybrid,automatic,2.14,poor,8263.77,2023-04-15 21:11:21.081081,2023,4,15,5,2
833,Kia,2022,162670,petrol,automatic,4.26,good,38723.51,2023-10-02 20:54:03.243243,2023,10,2,0,4
834,Bmw,2010,81261,hybrid,manual,1.33,good,47855.84,2022-12-08 22:26:18.378378,2022,12,8,3,4
835,Toyota,2014,169267,hybrid,automatic,2.77,fair,29218.92,2020-01-15 14:56:34.594594,2020,1,15,2,1
836,Mercedes,2019,71068,hybrid,manual,2.67,excellent,75000.0,2020-05-13 10:21:15.675675,2020,5,13,2,2
837,Kia,2019,5570,electric,automatic,2.1,fair,38262.57,2024-10-07 22:04:41.081081,2024,10,7,0,4
838,Hyundai,2018,118838,hybrid,automatic,1.96,excellent,50053.94,2022-06-16 11:07:23.243243,2022,6,16,3,2
839,Kia,2022,287098,electric,automatic,1.65,good,40333.01,2024-07-24 23:29:43.783783,2024,7,24,2,3
840,Chevrolet,2013,106934,hybrid,automatic,4.39,poor,17172.31,2021-04-05 14:42:09.729729,2021,4,5,0,2
841,Toyota,2016,18369,petrol,automatic,2.82,fair,41397.03,2021-02-22 13:44:30.270270,2021,2,22,0,1
842,Toyota,2011,220648,diesel,automatic,1.67,excellent,38133.72,2022-08-04 19:33:20.000000,2022,8,4,3,3
843,Honda,2009,128488,petrol,automatic,1.56,poor,21376.58,2020-11-12 05:08:28.108108,2020,11,12,3,4
844,Hyundai,2009,183756,hybrid,automatic,1.21,excellent,31090.05,2023-04-06 17:50:59.459459,2023,4,6,3,2
845,Kia,2009,16020,electric,automatic,3.88,excellent,61261.74,2020-11-01 05:56:02.162162,2020,11,1,6,4
846,Toyota,2015,12797,hybrid,automatic,4.96,excellent,62512.72,2020-11-04 21:40:10.810810,2020,11,4,2,4
847,Toyota,2022,10321,hybrid,automatic,3.23,excellent,75000.0,2021-12-17 12:12:15.135135,2021,12,17,4,4
848,Bmw,2018,157721,petrol,automatic,1.41,fair,47370.67,2024-09-23 07:08:06.486486,2024,9,23,0,3
849,Mercedes,2015,133238,diesel,automatic,1.78,good,29519.69,2023-12-22 07:05:13.513513,2023,12,22,4,4
850,Kia,2008,55617,electric,manual,1.02,fair,25736.87,2023-03-03 00:21:37.297297,2023,3,3,4,1
851,Bmw,2021,82128,hybrid,automatic,1.51,fair,56101.83,2020-12-18 18:29:54.594594,2020,12,18,4,4
852,Chevrolet,2014,196422,diesel,manual,3.02,excellent,30183.72,2022-08-01 03:49:11.351351,2022,8,1,0,3
853,Toyota,2023,269840,diesel,manual,3.05,fair,35086.89,2020-02-21 04:18:01.081081,2020,2,21,4,1
854,Chevrolet,2022,82333,diesel,manual,2.17,poor,21384.04,2020-10-26 18:19:49.189189,2020,10,26,0,4
855,Bmw,2021,267853,hybrid,manual,1.12,good,48335.32,2022-02-08 12:22:20.540540,2022,2,8,1,1
856,Kia,2009,116217,diesel,automatic,3.85,good,32947.7,2021-09-09 19:20:21.621621,2021,9,9,3,3
857,Mercedes,2021,275635,diesel,manual,3.3,good,42220.91,2023-03-28 14:30:37.837837,2023,3,28,1,1
858,Bmw,2019,30506,diesel,manual,4.04,poor,33440.39,2022-06-23 18:35:40.540540,2022,6,23,3,2
859,Chevrolet,2015,234545,hybrid,manual,1.26,poor,17924.2,2021-10-27 07:54:14.054054,2021,10,27,2,4
860,Chevrolet,2007,14658,petrol,automatic,2.72,poor,21350.59,2024-02-29 18:03:57.837837,2024,2,29,3,1
861,Hyundai,2009,249220,petrol,automatic,1.42,good,25626.29,2021-09-15 06:56:34.594594,2021,9,15,2,3
862,Toyota,2013,286472,hybrid,manual,2.47,fair,23003.81,2022-07-01 02:03:57.837837,2022,7,1,4,3
863,Bmw,2008,234348,diesel,manual,2.06,poor,20710.17,2023-04-14 01:19:16.756756,2023,4,14,4,2
864,Toyota,2015,10924,electric,automatic,3.02,good,72975.38,2022-07-21 04:36:45.405405,2022,7,21,3,3
865,Mercedes,2022,136120,electric,automatic,4.12,poor,38715.28,2021-08-18 20:55:29.729729,2021,8,18,2,3
866,Hyundai,2009,223698,diesel,automatic,1.88,fair,20007.57,2021-01-29 19:27:34.054054,2021,1,29,4,1
867,Chevrolet,2022,164130,petrol,automatic,4.64,fair,30401.46,2021-07-02 08:21:37.297297,2021,7,2,4,3
868,Kia,2005,98164,petrol,automatic,3.43,fair,25726.08,2020-08-27 10:41:26.486486,2020,8,27,3,3
869,Toyota,2009,75172,diesel,automatic,4.09,poor,22139.3,2024-01-07 17:53:52.432432,2024,1,7,6,1
870,Toyota,2024,75627,hybrid,manual,2.18,excellent,75000.0,2020-05-06 02:52:58.378378,2020,5,6,2,2
871,Honda,2023,205239,diesel,automatic,3.53,fair,32463.13,2021-04-03 18:50:05.405405,2021,4,3,5,2
872,Bmw,2005,160854,diesel,automatic,1.89,fair,33063.42,2022-01-26 17:17:50.270270,2022,1,26,2,1
873,Toyota,2022,281937,electric,automatic,4.66,fair,33700.61,2023-12-07 16:08:38.918918,2023,12,7,3,4
874,Kia,2017,119147,electric,automatic,3.66,excellent,51733.67,2022-03-22 13:19:59.999999,2022,3,22,1,1
875,Kia,2007,122063,petrol,automatic,3.41,excellent,36421.28,2024-05-18 08:23:03.783783,2024,5,18,5,2
876,Honda,2024,167207,petrol,automatic,2.17,excellent,65981.5,2020-11-26 20:05:02.702702,2020,11,26,3,4
877,Chevrolet,2011,55195,electric,manual,1.06,good,33188.15,2020-10-30 10:03:57.837837,2020,10,30,4,4
878,Bmw,2015,178142,hybrid,manual,4.21,fair,19018.57,2020-06-13 12:06:29.189189,2020,6,13,5,2
879,Mercedes,2015,222958,petrol,automatic,1.17,poor,14811.4,2023-07-27 05:47:23.243243,2023,7,27,3,3
880,Hyundai,2013,163413,electric,automatic,1.49,fair,24726.81,2024-04-15 10:45:45.945945,2024,4,15,0,2
881,Kia,2022,108050,hybrid,manual,1.67,good,52803.37,2022-08-26 17:58:11.891891,2022,8,26,4,3
882,Kia,2006,253754,petrol,automatic,3.17,fair,12237.85,2020-03-10 10:58:44.324324,2020,3,10,1,1
883,Mercedes,2016,238962,diesel,manual,3.34,poor,28145.38,2020-08-16 11:29:00.540540,2020,8,16,6,3
884,Chevrolet,2012,285980,diesel,manual,4.17,fair,13097.94,2022-04-02 12:32:25.945945,2022,4,2,5,2
885,Mercedes,2016,258519,electric,manual,2.16,poor,27826.91,2020-11-10 09:16:23.783783,2020,11,10,1,4
886,Bmw,2024,165400,petrol,automatic,4.55,fair,49379.99,2023-04-06 17:50:59.459459,2023,4,6,3,2
887,Kia,2023,172091,electric,manual,4.52,poor,25167.09,2023-10-08 08:30:16.216216,2023,10,8,6,4
888,Toyota,2009,189326,diesel,manual,2.59,fair,25519.93,2021-02-04 07:03:47.027027,2021,2,4,3,1
889,Bmw,2020,230855,hybrid,automatic,4.93,fair,39262.62,2023-03-10 07:49:54.594594,2023,3,10,4,1
890,Honda,2014,201873,hybrid,automatic,2.73,excellent,49740.2,2020-04-14 04:28:06.486486,2020,4,14,1,2
891,Honda,2019,296068,diesel,manual,3.82,good,34578.68,2023-04-19 12:55:29.729729,2023,4,19,2,2
892,Mercedes,2019,96023,petrol,automatic,4.02,fair,52096.2,2022-05-18 05:14:14.054054,2022,5,18,2,2
893,Kia,2023,89964,diesel,automatic,3.91,good,45552.38,2022-04-11 15:52:47.567567,2022,4,11,0,2
894,Honda,2011,257670,diesel,manual,1.69,good,18673.84,2024-02-22 10:35:40.540540,2024,2,22,3,1
895,Toyota,2009,102173,electric,automatic,3.6,good,36665.07,2024-06-22 01:52:25.945945,2024,6,22,5,2
896,Toyota,2009,266578,petrol,manual,2.7,poor,9909.78,2021-10-20 00:25:56.756756,2021,10,20,2,4
897,Mercedes,2022,176216,hybrid,automatic,4.45,poor,42431.52,2024-09-03 04:35:18.918918,2024,9,3,1,3
898,Kia,2021,98285,petrol,manual,2.47,excellent,54787.13,2020-01-01 00:00:00.000000,2020,1,1,2,1
899,Chevrolet,2021,220169,petrol,automatic,3.31,good,30820.49,2021-12-06 12:59:49.189189,2021,12,6,0,4
900,Mercedes,2006,65162,petrol,manual,1.24,good,33785.5,2024-11-11 15:34:03.243243,2024,11,11,0,4
901,Mercedes,2019,39386,hybrid,automatic,1.88,fair,64908.62,2021-09-26 06:09:00.540540,2021,9,26,6,3
902,Mercedes,2020,265925,electric,automatic,2.52,fair,48240.41,2020-12-11 11:01:37.297297,2020,12,11,4,4
903,Mercedes,2006,160600,petrol,manual,1.09,good,29830.37,2022-07-10 05:24:19.459459,2022,7,10,6,3
904,Chevrolet,2009,500000,petrol,manual,3.18,excellent,12532.78,2020-12-13 06:53:41.621621,2020,12,13,6,4
905,Bmw,2018,272805,diesel,automatic,2.85,good,45777.33,2022-07-15 17:00:32.432432,2022,7,15,4,3
906,Mercedes,2014,278183,petrol,manual,2.35,excellent,46862.56,2021-11-03 15:22:31.351351,2021,11,3,2,4
907,Toyota,2013,124005,petrol,manual,2.68,poor,18310.1,2022-01-15 18:05:24.324324,2022,1,15,5,1
908,Bmw,2021,84005,diesel,manual,2.25,fair,53768.06,2024-02-13 07:15:18.918918,2024,2,13,1,1
909,Kia,2009,142852,electric,automatic,1.81,poor,17317.94,2024-08-23 05:22:52.972972,2024,8,23,4,3
910,Mercedes,2007,73064,diesel,manual,2.7,good,48877.17,2024-09-01 08:43:14.594594,2024,9,1,6,3
911,Chevrolet,2020,208286,hybrid,manual,3.8,fair,24674.16,2020-07-31 00:40:21.621621,2020,7,31,4,3
912,Kia,2021,139434,diesel,automatic,2.09,good,43379.69,2020-08-31 02:25:35.135135,2020,8,31,0,3
913,Chevrolet,2010,241927,electric,manual,4.29,fair,24321.3,2020-04-14 04:28:06.486486,2020,4,14,1,2
914,Bmw,2007,13461,diesel,manual,3.41,good,49803.99,2022-10-11 10:40:00.000000,2022,10,11,1,4
915,Mercedes,2017,185822,electric,automatic,1.99,good,56791.26,2023-06-04 05:37:17.837837,2023,6,4,6,2
916,Chevrolet,2005,145789,diesel,automatic,3.64,fair,20855.08,2023-05-11 11:20:21.621621,2023,5,11,3,2
917,Hyundai,2015,46723,electric,automatic,1.65,poor,32133.77,2020-11-10 09:16:23.783783,2020,11,10,1,4
918,Hyundai,2023,12554,hybrid,manual,1.91,good,50587.33,2024-02-22 10:35:40.540540,2024,2,22,3,1
919,Chevrolet,2007,221444,petrol,automatic,1.53,excellent,24394.19,2024-01-27 20:26:39.999999,2024,1,27,5,1
920,Chevrolet,2010,289502,electric,automatic,4.19,good,31742.94,2020-09-27 12:26:39.999999,2020,9,27,6,3
921,Honda,2007,21924,hybrid,automatic,3.57,excellent,51485.7,2020-05-24 09:33:41.621621,2020,5,24,6,2
922,Toyota,2015,83257,diesel,automatic,2.74,fair,39555.5,2024-06-05 15:03:47.027027,2024,6,5,2,2
923,Chevrolet,2007,167503,petrol,manual,1.5,excellent,18275.32,2021-01-22 11:59:16.756756,2021,1,22,4,1
924,Bmw,2023,272884,diesel,manual,4.54,excellent,58485.4,2021-01-04 05:18:33.513513,2021,1,4,0,1
925,Toyota,2016,192227,hybrid,manual,4.78,good,43766.08,2023-10-26 15:10:59.459459,2023,10,26,3,4
926,Hyundai,2016,51201,petrol,manual,3.31,excellent,50268.28,2021-02-20 17:52:25.945945,2021,2,20,5,1
927,Toyota,2012,81596,petrol,manual,4.3,poor,20665.53,2023-05-18 18:48:38.918918,2023,5,18,3,2
928,Kia,2005,82290,electric,automatic,2.36,poor,21761.41,2021-02-17 02:08:17.297297,2021,2,17,2,1
929,Hyundai,2018,46372,electric,manual,1.71,good,54539.39,2023-04-17 17:03:25.405405,2023,4,17,0,2
930,Honda,2024,195143,diesel,manual,3.08,excellent,60621.97,2022-08-28 13:50:16.216216,2022,8,28,6,3
931,Honda,2007,202470,diesel,automatic,1.89,excellent,31110.28,2022-03-15 05:51:42.702702,2022,3,15,1,1
932,Bmw,2011,156814,hybrid,automatic,1.67,poor,19415.88,2022-01-02 23:00:54.054054,2022,1,2,6,1
933,Mercedes,2024,161285,hybrid,manual,1.45,good,56457.24,2020-03-25 01:55:18.918918,2020,3,25,2,1
934,Bmw,2024,110800,electric,manual,3.94,excellent,75000.0,2021-02-28 01:20:43.243243,2021,2,28,6,1
935,Mercedes,2006,133311,electric,automatic,1.44,good,38914.29,2021-07-09 15:49:54.594594,2021,7,9,4,3
936,Chevrolet,2019,180771,hybrid,manual,4.23,excellent,43643.18,2022-08-17 14:37:50.270270,2022,8,17,2,3
937,Kia,2016,249716,diesel,automatic,4.9,poor,14177.56,2020-09-16 13:14:14.054054,2020,9,16,2,3
938,Bmw,2014,286546,diesel,manual,1.04,good,21852.37,2022-01-26 17:17:50.270270,2022,1,26,2,1
939,Kia,2021,287921,diesel,manual,1.22,poor,19626.13,2022-07-24 20:20:54.054054,2022,7,24,6,3
940,Honda,2018,190781,diesel,automatic,1.96,poor,24396.69,2021-11-10 22:50:48.648648,2021,11,10,2,4
941,Bmw,2020,30690,electric,manual,4.78,good,75000.0,2022-10-29 17:20:43.243243,2022,10,29,5,4
942,Toyota,2013,204586,petrol,manual,1.32,poor,13309.94,2024-06-05 15:03:47.027027,2024,6,5,2,2
943,Honda,2014,60851,petrol,manual,3.32,excellent,57094.33,2021-04-16 13:54:35.675675,2021,4,16,4,2
944,Bmw,2024,250474,petrol,manual,2.39,good,64220.96,2023-04-12 05:27:12.432432,2023,4,12,2,2
945,Honda,2006,168601,electric,manual,4.93,poor,14717.65,2022-05-09 01:53:52.432432,2022,5,9,0,2
946,Honda,2014,172019,hybrid,automatic,1.22,good,31858.09,2024-10-06 02:12:36.756756,2024,10,6,6,4
947,Bmw,2011,189481,diesel,automatic,2.28,excellent,49131.62,2024-11-07 23:49:54.594594,2024,11,7,3,4
948,Bmw,2018,247145,diesel,manual,4.65,poor,30755.94,2020-01-21 02:32:47.567567,2020,1,21,1,1
949,Hyundai,2011,72844,diesel,manual,2.64,good,29714.02,2021-08-24 08:31:42.702702,2021,8,24,1,3
950,Honda,2020,51321,hybrid,manual,2.63,good,62028.3,2023-09-05 10:52:58.378378,2023,9,5,1,3
951,Chevrolet,2019,256610,electric,manual,2.69,fair,27613.2,2023-12-02 04:32:25.945945,2023,12,2,5,4
952,Kia,2013,295291,petrol,manual,1.62,poor,14937.12,2024-11-02 12:13:41.621621,2024,11,2,5,4
953,Chevrolet,2011,220032,diesel,automatic,4.16,excellent,24165.73,2021-10-14 12:49:43.783783,2021,10,14,3,4
954,Hyundai,2013,289292,electric,manual,3.56,fair,19530.51,2024-11-09 19:41:58.918918,2024,11,9,5,4
955,Bmw,2011,29051,hybrid,manual,1.18,poor,27431.55,2022-01-13 22:13:19.999999,2022,1,13,3,1
956,Hyundai,2014,52282,electric,manual,1.26,poor,23134.89,2023-05-04 03:52:04.324324,2023,5,4,3,2
957,Hyundai,2010,32688,electric,automatic,2.68,excellent,63318.69,2021-11-10 22:50:48.648648,2021,11,10,2,4
958,Chevrolet,2005,109358,hybrid,manual,1.79,good,30831.75,2020-01-13 19:04:30.270270,2020,1,13,0,1
959,Kia,2008,190678,diesel,manual,3.16,poor,15637.03,2020-08-09 04:00:43.243243,2020,8,9,6,3
960,Mercedes,2018,179621,diesel,automatic,2.46,excellent,57699.99,2021-09-26 06:09:00.540540,2021,9,26,6,3
961,Honda,2019,43517,hybrid,manual,2.55,excellent,60728.05,2023-05-18 18:48:38.918918,2023,5,18,3,2
962,Mercedes,2018,160385,diesel,automatic,1.86,fair,46175.92,2020-06-11 16:14:24.864864,2020,6,11,3,2
963,Honda,2018,28158,diesel,manual,3.98,good,51463.23,2023-03-28 14:30:37.837837,2023,3,28,1,1
964,Hyundai,2020,227354,hybrid,automatic,1.32,poor,18274.78,2023-06-27 23:54:14.054054,2023,6,27,1,2
965,Hyundai,2011,209044,diesel,manual,1.28,fair,14312.55,2021-07-29 18:22:42.162162,2021,7,29,3,3
966,Hyundai,2013,143676,hybrid,automatic,4.3,good,35330.2,2020-11-19 12:36:45.405405,2020,11,19,3,4
967,Mercedes,2012,248480,electric,automatic,3.63,good,54737.0,2022-09-12 04:46:50.810810,2022,9,12,0,3
968,Chevrolet,2007,220478,hybrid,manual,3.04,poor,13277.07,2023-08-29 03:24:41.081081,2023,8,29,1,3
969,Kia,2018,237518,petrol,automatic,1.87,fair,19658.83,2024-05-05 13:18:33.513513,2024,5,5,6,2
970,Honda,2021,84743,petrol,automatic,3.16,excellent,53895.67,2020-03-14 02:42:52.972972,2020,3,14,5,1
971,Honda,2013,235906,diesel,automatic,1.81,poor,17591.67,2023-09-12 18:21:15.675675,2023,9,12,1,3
972,Honda,2016,78961,hybrid,manual,1.19,excellent,62142.6,2023-07-08 23:06:39.999999,2023,7,8,5,3
973,Kia,2011,43139,electric,automatic,4.81,excellent,61084.82,2024-08-12 06:10:27.027027,2024,8,12,0,3
974,Kia,2023,94934,electric,automatic,1.82,good,47585.93,2022-07-04 17:48:06.486486,2022,7,4,0,3
975,Chevrolet,2016,105483,petrol,manual,2.31,fair,32070.31,2024-10-17 01:25:02.702702,2024,10,17,3,4
976,Mercedes,2014,235394,electric,manual,4.5,excellent,63933.94,2020-09-20 04:58:22.702702,2020,9,20,6,3
977,Mercedes,2013,275863,electric,automatic,1.39,good,42483.26,2020-12-31 13:34:24.864864,2020,12,31,3,4
978,Chevrolet,2012,210445,petrol,automatic,1.21,excellent,29400.03,2024-08-23 05:22:52.972972,2024,8,23,4,3
979,Kia,2021,162038,electric,manual,2.01,excellent,51028.39,2023-08-14 12:28:06.486486,2023,8,14,0,3
980,Kia,2016,90965,electric,automatic,3.1,fair,42377.69,2022-04-20 19:13:09.189189,2022,4,20,2,2
981,Honda,2024,274545,electric,automatic,1.88,poor,30106.95,2023-08-29 03:24:41.081081,2023,8,29,1,3
982,Honda,2020,114930,hybrid,manual,1.32,good,52107.75,2023-10-04 16:46:07.567567,2023,10,4,2,4
983,Chevrolet,2012,123622,diesel,manual,2.45,fair,17774.59,2024-08-15 21:54:35.675675,2024,8,15,3,3
984,Toyota,2016,288730,hybrid,automatic,4.85,fair,29935.53,2024-07-17 16:01:26.486486,2024,7,17,2,3
985,Mercedes,2009,243944,petrol,manual,2.14,poor,21909.23,2022-10-15 02:24:08.648648,2022,10,15,5,4
986,Hyundai,2015,203112,diesel,manual,2.86,fair,27183.29,2022-09-24 23:51:21.081081,2022,9,24,5,3
987,Toyota,2014,95338,hybrid,automatic,3.12,fair,33291.94,2021-04-05 14:42:09.729729,2021,4,5,0,2
988,Bmw,2010,93389,diesel,automatic,1.66,excellent,67052.41,2021-12-12 00:36:02.162162,2021,12,12,6,4
989,Mercedes,2018,75192,diesel,automatic,1.52,excellent,73333.57,2022-12-19 21:38:44.324324,2022,12,19,0,4
990,Honda,2024,171891,electric,manual,4.49,good,60982.09,2024-05-31 03:27:34.054054,2024,5,31,4,2
991,Hyundai,2022,253000,petrol,automatic,1.04,good,40129.83,2021-04-11 02:18:22.702702,2021,4,11,6,2
992,Mercedes,2013,76502,hybrid,automatic,3.73,poor,35409.36,2023-07-18 02:27:01.621621,2023,7,18,1,3
993,Bmw,2015,137415,hybrid,manual,2.72,good,52915.97,2024-01-27 20:26:39.999999,2024,1,27,5,1
994,Honda,2019,25500,hybrid,automatic,3.12,poor,36293.98,2024-08-08 14:26:18.378378,2024,8,8,3,3
995,Honda,2016,143187,diesel,automatic,2.53,excellent,49449.57,2022-03-31 16:40:21.621621,2022,3,31,3,1
996,Chevrolet,2013,281684,diesel,automatic,3.85,good,26176.86,2020-01-17 10:48:38.918918,2020,1,17,4,1
997,Honda,2008,15035,electric,manual,2.82,good,51939.04,2024-02-13 07:15:18.918918,2024,2,13,1,1
998,Toyota,2009,252640,diesel,automatic,4.06,good,30868.14,2023-12-27 18:41:26.486486,2023,12,27,2,4
999,Mercedes,2010,108332,petrol,automatic,3.21,good,43215.2,2021-03-16 12:09:22.162162,2021,3,16,1,1
1000,Honda,2015,212698,diesel,automatic,2.33,good,27089.04,2021-04-01 22:58:01.081081,2021,4,1,3,2
